REGISTRO;P0;P1;P2;P3;P3A;P4;P5A_1;P5B_1;P5A_2;P5B_2;P5A_3;P5B_3;P5A_4;P5B_4;P5A_5;P5B_5;P6;P7;P8;P9;P10;D1;D2;D3;D4;D5;D6;CA;AUT;HABI;POND
4;1;2;2;96;;1;1;3;1;5;1;1;1;0;1;4;1;1;2;1;1;3;5;2;1;2;1;13;13;4;1,07566
5;1;1;3;97;4;4;1;1;1;4;1;4;1;3;1;0;4;1;2;1;1;3;3;2;2;5;1;13;13;4;0,99318
6;1;98;4;97;97;97;1;5;1;98;1;5;1;5;1;5;97;99;96;2;1;98;3;1;3;5;1;13;13;4;0,91411
27;1;1;1;1;;1;1;7;1;5;1;0;1;0;1;2;1;2;1;1;1;4;3;2;3;4;1;12;12;2;0,92677
28;1;1;1;2;;97;1;5;2;;1;10;1;5;1;4;2;1;2;1;1;3;5;1;3;2;1;13;13;4;0,91411
31;1;1;1;14;;1;1;7;1;6;1;1;1;3;1;8;14;2;2;1;2;4;1;2;2;5;1;13;13;2;1,00121
33;1;4;1;98;98;4;1;1;1;5;1;4;1;3;2;;4;1;2;98;1;2;3;2;2;5;5;1;1;2;1,00721
36;1;1;1;14;;4;1;9;1;8;1;0;1;0;1;10;14;2;1;1;1;4;3;1;4;2;6;1;1;3;0,97157
38;1;1;1;2;;9;1;0;1;0;1;9;1;7;1;0;2;1;2;2;2;1;5;1;4;4;6;16;16;1;1,06206
39;1;4;1;98;97;97;2;;1;0;1;2;1;8;2;;5;1;1;98;2;98;3;1;3;4;1;16;16;2;0,92794
42;1;1;1;14;;1;1;6;1;8;1;2;1;2;1;10;14;2;2;1;1;4;3;1;4;3;1;1;1;4;0,93557
43;1;98;1;98;97;97;2;;2;;1;7;1;5;2;;98;98;1;2;2;98;5;1;1;2;5;5;5;2;1,02538
44;1;1;1;14;;1;1;5;1;1;1;0;1;0;1;9;14;2;1;1;1;5;1;1;3;3;1;16;16;3;0,95589
48;1;4;2;98;97;13;2;;1;98;1;98;1;98;2;;97;1;2;1;98;98;3;2;2;3;1;10;10;2;1,03536
58;1;2;1;1;;1;1;8;1;8;1;0;1;0;1;8;1;2;1;1;2;3;3;2;4;2;6;13;13;4;0,96404
65;1;1;1;98;2;5;1;0;1;1;1;6;1;5;1;0;2;1;2;2;1;1;3;1;2;5;1;7;7;3;1,00459
76;1;1;1;95;;1;1;6;1;6;1;4;1;5;2;;4;2;2;1;2;3;99;1;3;5;1;12;12;3;0,92707
79;1;1;1;2;;5;1;0;1;0;1;6;1;4;1;0;2;2;2;2;1;1;3;1;3;4;6;21;3;3;0,95135
80;1;2;1;98;2;2;1;7;1;7;1;7;1;8;1;6;98;2;2;2;1;1;3;2;1;5;1;1;1;2;1,09088
85;1;1;1;14;;1;1;9;1;5;1;0;1;0;1;10;1;2;2;1;1;4;3;2;2;5;1;13;13;1;1,12637
91;1;1;1;7;;7;1;0;1;0;1;5;1;7;1;0;2;1;96;2;2;1;3;2;4;3;6;9;9;2;0,93342
93;1;1;1;98;98;99;1;2;1;2;1;8;1;1;1;1;98;1;2;1;2;5;2;1;4;3;6;9;9;4;0,89323
97;1;2;1;99;98;6;1;4;1;3;1;4;1;5;1;4;97;98;98;2;2;3;4;2;4;3;6;9;9;1;1,05012
98;1;3;1;94;97;5;1;0;1;0;1;0;1;0;2;;97;1;2;1;1;2;3;1;2;4;1;13;13;3;1,03801
100;1;1;1;2;;2;1;4;1;9;1;10;1;5;1;6;2;98;99;1;2;98;1;2;3;2;1;13;13;4;0,94134
121;1;1;1;4;;1;1;6;1;6;1;3;1;4;1;6;4;2;2;1;1;3;3;2;3;5;7;10;10;4;0,97348
130;1;1;1;98;97;97;1;98;1;0;1;7;1;7;1;5;2;1;1;2;2;99;3;2;2;4;1;9;9;2;0,96163
137;1;1;1;1;;1;1;10;1;8;1;6;1;3;1;7;1;2;2;1;1;4;1;2;2;5;1;1;1;2;1,00721
141;1;1;1;1;;2;1;7;1;8;1;3;1;6;1;4;4;2;1;2;1;2;4;2;1;5;5;1;1;1;1,22727
145;1;2;1;99;99;99;1;0;1;0;1;0;1;0;1;0;99;1;98;1;1;4;1;2;4;4;1;9;9;4;0,92592
147;1;1;1;98;97;4;1;3;1;2;1;3;1;0;1;2;97;99;2;2;2;2;3;2;2;4;5;8;8;1;1,12655
148;1;2;4;97;2;1;1;5;1;7;1;8;1;7;1;5;5;1;2;1;1;2;2;2;2;3;5;9;9;4;0,95389
153;1;2;2;98;4;98;1;5;1;6;1;5;1;1;2;;97;2;2;1;1;99;3;2;2;4;1;1;1;3;1,03754
164;1;2;1;14;;1;1;2;1;2;1;1;1;1;1;3;1;2;2;2;1;5;3;2;3;5;1;7;7;3;0,9461
165;1;2;1;14;;1;1;6;1;3;1;0;1;0;1;7;14;2;98;1;1;5;2;2;1;5;1;13;13;4;1,07566
170;1;1;1;4;;4;1;5;1;9;1;3;1;4;1;7;4;2;2;1;1;98;3;2;2;5;1;21;14;2;1,0034
179;1;2;2;1;;1;1;7;1;6;1;6;1;5;2;;2;1;2;2;2;4;5;1;1;4;1;5;5;2;1,02538
181;1;1;1;1;;2;1;10;1;10;1;3;1;0;1;5;1;2;2;2;1;4;3;1;3;2;1;16;16;2;0,92794
183;1;1;1;11;;11;1;0;1;0;1;4;1;7;1;0;5;1;99;2;2;1;5;1;4;5;6;12;12;3;0,94317
187;1;1;1;5;;97;1;2;1;2;1;4;1;8;1;0;5;1;1;2;2;1;99;1;1;3;5;13;13;2;1,00276
190;1;1;1;1;;1;1;10;1;9;1;0;1;0;1;9;1;2;1;1;1;3;3;1;3;5;1;10;10;2;0,953
195;1;98;4;97;98;97;1;0;1;1;1;1;1;1;1;0;96;1;98;2;98;1;3;1;4;3;6;10;10;2;0,96954
200;1;1;1;8;;8;1;0;1;0;1;3;1;5;1;0;5;1;1;2;2;1;5;1;2;4;1;9;9;3;0,99698
212;1;2;1;7;;97;1;0;1;0;1;0;1;5;1;0;5;1;1;2;2;2;5;1;1;4;1;9;9;1;1,08355
213;1;2;1;2;;5;1;0;1;4;1;6;1;5;1;0;2;1;2;2;1;2;3;1;2;5;1;8;8;2;1,00781
223;1;1;1;7;;7;1;0;1;0;1;2;1;5;1;0;5;1;1;2;2;1;5;1;3;5;1;9;9;2;0,8851
235;1;1;1;5;;5;1;0;1;0;1;6;1;8;1;0;5;1;2;2;2;1;3;2;3;5;1;13;13;2;0,94898
237;1;1;1;1;;1;1;9;1;8;1;1;1;2;1;7;1;2;2;1;1;4;3;2;3;3;1;10;10;3;1,01095
242;1;2;1;98;97;99;1;98;1;6;1;98;1;98;1;4;97;2;2;2;1;2;2;2;3;5;1;1;1;2;0,95469
245;1;1;1;2;;2;1;3;1;3;1;5;1;7;1;0;2;1;96;2;1;1;1;1;2;5;1;1;1;4;1,00555
249;1;1;1;1;;2;1;6;1;7;1;3;1;1;1;5;97;1;2;1;1;1;1;2;2;5;1;10;10;2;1,03536
252;1;1;1;4;;4;1;8;1;10;1;0;1;0;2;;4;2;2;1;1;4;1;2;3;5;1;5;5;2;0,97037
254;1;1;1;1;;1;1;5;1;6;1;0;1;0;1;2;1;1;1;1;1;4;1;1;4;2;6;1;1;2;0,94316
257;1;4;3;97;97;10;1;1;1;1;1;0;1;5;1;2;97;1;2;98;1;1;3;1;2;4;1;21;15;3;1,04026
269;1;1;1;99;97;5;1;0;2;;1;0;1;0;1;0;97;1;96;1;2;1;1;2;2;5;1;13;13;4;0,99318
277;1;3;1;98;7;7;2;;1;0;1;5;1;5;2;;97;1;1;2;2;2;3;2;3;5;1;9;9;2;0,91145
278;1;2;1;4;;4;1;7;1;8;1;2;1;3;1;5;4;2;2;1;1;4;3;1;3;5;1;13;13;4;0,91411
279;1;98;1;98;98;7;1;5;1;3;1;4;1;4;1;1;97;1;1;2;98;2;98;1;4;5;6;9;9;4;0,89323
281;1;2;1;9;;9;1;0;1;0;1;5;1;5;1;0;2;1;2;2;2;3;5;1;3;4;1;16;16;3;0,95589
288;1;2;1;1;;1;1;5;1;5;1;0;1;0;1;4;1;2;2;1;1;4;1;1;4;3;1;1;1;2;0,94316
292;1;1;1;2;;2;1;2;1;5;1;8;1;7;1;0;2;1;2;2;1;2;3;2;3;3;1;21;3;3;0,97972
295;1;4;4;97;97;97;1;0;1;0;1;0;1;0;1;0;97;99;2;1;1;98;3;1;3;2;5;21;3;2;0,92354
301;1;2;1;2;;2;1;5;1;4;1;7;1;3;1;1;2;1;98;2;98;1;3;2;4;2;6;9;9;2;0,93342
302;1;1;1;98;1;1;1;8;1;9;1;1;1;4;1;4;4;2;2;2;1;5;3;1;3;2;1;5;5;2;0,9423
306;1;1;1;4;;4;1;7;1;9;1;3;1;2;1;4;4;2;1;1;1;2;1;1;3;4;1;1;1;2;0,92706
312;1;2;1;98;1;1;1;7;1;6;1;1;1;0;1;6;98;2;2;1;1;4;3;2;3;5;1;10;10;2;0,98138
320;1;2;1;99;97;99;1;5;1;5;1;5;1;5;1;5;97;2;2;1;1;99;3;2;3;2;7;13;13;4;0,94134
322;1;1;1;6;;2;1;0;1;0;1;2;1;4;1;0;5;1;1;2;2;1;5;2;3;5;1;9;9;2;0,91145
327;1;3;2;99;99;99;1;4;1;5;1;5;1;6;1;1;2;1;1;2;2;1;3;1;4;5;6;16;16;3;0,97249
330;1;2;1;8;;7;1;0;1;0;1;3;1;4;1;0;5;1;1;2;2;1;3;2;4;2;1;9;9;4;0,92592
333;1;3;2;14;;4;1;0;1;5;1;4;1;3;1;10;14;2;2;2;2;5;3;2;1;2;1;10;10;2;1,12136
341;1;4;4;97;97;96;2;;1;0;1;0;1;0;2;;97;1;2;2;2;1;1;2;1;2;1;7;7;3;1,08108
344;1;1;1;1;;1;1;8;1;5;1;0;1;0;1;3;1;2;96;1;1;4;3;1;1;4;1;1;1;2;1,00879
346;1;1;1;99;99;99;1;3;1;3;1;4;1;4;1;0;97;1;2;2;98;1;4;1;3;5;1;12;12;3;0,92707
349;1;2;1;2;;2;1;4;1;3;1;9;1;9;1;0;2;1;1;2;2;1;5;2;4;5;6;9;9;3;0,96154
352;1;1;1;99;99;2;1;2;1;5;1;4;1;0;1;0;4;98;2;1;98;2;3;1;3;3;1;1;1;2;0,92706
354;1;1;1;7;;7;1;0;1;0;1;6;1;6;1;0;2;1;1;2;2;1;5;1;1;4;1;9;9;2;0,96313
358;1;1;1;99;99;99;1;5;1;5;1;5;1;5;1;2;98;1;2;1;1;2;3;2;4;4;6;16;16;2;0,97862
363;1;1;1;14;;4;1;6;1;8;1;5;1;5;1;6;4;2;1;1;2;4;3;2;2;3;7;1;1;2;1,00721
365;1;3;1;7;;6;1;1;1;1;1;4;1;5;1;1;5;1;1;2;2;2;4;2;2;5;1;9;9;1;1,08186
368;1;1;1;14;;4;1;5;1;5;1;0;1;3;1;6;4;2;2;1;1;5;3;1;3;3;1;7;7;1;1,00336
372;1;2;1;2;;2;1;2;1;5;1;4;1;4;1;0;97;1;2;2;1;2;1;1;3;5;1;5;5;2;0,9423
375;1;3;4;97;1;1;1;0;1;1;1;0;1;0;1;0;4;99;2;2;1;5;1;1;3;3;1;7;7;2;0,89187
380;1;1;1;98;97;2;1;4;1;3;1;4;1;4;1;4;97;1;96;2;1;2;3;2;1;3;7;1;1;2;1,09088
400;1;2;1;98;11;11;1;2;1;2;1;4;1;4;1;0;97;1;96;1;2;1;3;2;2;5;1;12;12;3;1,00726
405;1;2;1;1;;1;1;8;1;8;1;1;1;1;1;5;4;1;2;1;2;4;3;2;3;2;7;12;12;2;0,92677
412;1;1;1;14;;1;1;0;1;0;1;0;1;0;1;3;1;2;96;2;1;99;1;1;2;2;1;7;7;2;0,97521
414;1;1;1;14;;2;1;7;1;6;1;3;1;3;1;6;14;2;1;1;1;4;1;1;4;4;6;16;16;3;0,97249
419;1;1;1;98;14;1;1;8;2;;1;4;1;5;2;;1;2;2;1;1;5;1;1;4;2;1;13;13;2;0,93751
422;1;1;1;2;;2;1;2;1;2;1;3;1;1;1;0;2;1;2;1;2;1;1;2;3;4;1;5;5;3;0,99959
424;1;1;1;1;;1;1;8;1;7;1;0;1;0;1;6;1;2;2;1;1;4;3;2;3;3;1;12;12;1;1,04267
446;1;2;1;1;;1;1;5;1;5;1;1;1;0;1;98;1;2;2;1;1;3;1;1;4;1;6;7;7;1;1,02079
448;1;1;1;2;;5;1;3;1;4;1;6;1;6;1;0;2;1;2;2;1;1;3;1;3;4;1;21;6;3;0,95135
449;1;2;1;98;98;97;1;4;1;4;1;4;1;3;1;3;97;98;2;98;1;3;3;2;2;3;7;1;1;4;0,99914
465;1;1;1;4;;4;1;5;1;7;1;3;1;3;1;2;4;2;2;1;1;3;1;2;2;2;1;21;14;2;1,0034
472;1;2;1;98;98;7;1;7;1;4;1;6;1;8;1;5;97;1;1;2;2;1;4;2;1;5;1;9;9;3;1,07289
482;1;98;1;6;;98;1;0;1;0;1;4;1;3;1;0;97;1;1;2;2;4;5;1;4;5;6;9;9;4;0,89323
486;1;3;3;2;;5;1;0;1;0;1;4;1;3;1;0;2;1;2;98;98;1;3;1;4;3;6;8;8;2;0,93767
495;1;1;1;99;99;4;1;9;1;9;1;0;1;0;1;9;4;2;2;1;1;5;3;1;4;2;6;1;1;2;0,94316
496;1;1;1;2;;5;1;1;1;2;1;9;1;7;1;0;2;98;2;2;1;2;3;2;4;3;6;1;1;4;0,96981
501;1;2;2;98;99;97;1;1;1;1;1;1;1;1;1;1;97;2;1;1;2;5;1;2;3;2;7;21;11;2;0,95107
502;1;2;1;4;;1;1;5;1;6;1;5;1;3;2;;99;99;1;1;2;3;3;2;2;2;5;21;15;1;1,12885
505;1;1;1;14;;1;1;7;1;4;1;0;1;0;1;10;14;2;1;1;1;5;2;1;2;5;1;1;1;3;1,04423
511;1;1;1;1;;2;1;6;1;6;1;5;1;4;1;1;1;1;2;1;1;4;3;2;4;5;6;12;12;2;0,94911
512;1;3;98;98;97;96;1;0;1;0;1;0;1;0;1;0;97;98;96;98;2;98;99;1;2;5;1;10;10;1;1,17232
516;1;1;1;95;;11;1;0;1;0;1;1;1;3;1;0;5;1;1;2;2;1;4;1;3;5;5;12;12;3;0,92707
523;1;1;1;2;;2;1;1;1;1;1;6;1;3;1;0;2;1;2;2;1;2;5;1;4;4;6;16;16;3;0,97249
529;1;1;1;7;;7;1;4;1;4;1;5;1;6;1;5;2;1;1;2;2;1;5;2;1;5;1;9;9;2;1,0415
540;1;4;1;7;;7;1;0;1;0;1;4;1;5;1;0;97;1;1;2;2;1;5;2;3;5;1;21;4;2;0,95107
541;1;1;2;98;98;4;1;2;1;6;1;6;1;5;1;0;2;1;2;2;1;2;1;1;2;5;1;21;11;3;1,04026
543;1;2;1;2;;2;1;3;1;4;1;5;1;3;1;3;2;1;2;2;1;2;3;1;4;5;1;16;16;3;0,97249
551;1;98;1;94;97;94;2;;1;98;1;0;1;0;1;98;97;98;1;98;98;5;3;2;2;4;5;1;1;1;1,13315
558;1;1;1;14;;1;1;7;1;4;1;1;1;2;1;10;14;2;2;1;1;5;2;1;4;2;6;1;1;1;1,06106
559;1;1;4;97;2;2;1;1;1;5;1;5;1;2;1;1;2;2;2;2;1;1;2;2;3;2;1;1;1;1;1,07404
574;1;1;1;99;99;99;1;2;1;2;1;3;1;3;1;2;97;1;96;2;1;2;3;1;3;5;6;1;1;3;0,95498
577;1;1;1;1;;1;1;8;1;8;1;2;1;2;1;6;1;2;96;1;1;4;1;1;4;5;6;13;13;4;0,92997
584;1;1;1;7;;6;1;0;1;1;1;3;1;4;1;0;97;1;1;2;2;1;5;1;3;3;1;9;9;3;0,91175
586;1;1;1;7;;7;1;3;1;3;1;6;1;5;1;1;2;1;1;2;2;1;5;1;2;5;1;9;9;2;0,96783
597;1;3;3;97;95;95;1;2;1;4;1;4;1;3;1;1;2;1;98;2;1;2;3;1;3;4;1;12;12;2;0,89996
601;1;1;2;98;97;98;1;3;1;4;1;3;1;1;1;2;4;2;2;1;1;3;1;1;4;5;1;21;6;3;0,96788
606;1;2;2;98;97;95;1;5;1;6;1;5;1;5;1;5;97;98;96;98;1;2;3;1;2;5;1;7;7;3;1,00459
617;1;3;4;97;97;1;1;0;1;0;1;0;1;0;1;0;97;2;2;1;1;3;1;1;2;3;1;1;1;2;1,01368
618;1;1;1;9;;9;1;4;1;2;1;2;1;2;1;0;97;1;1;2;2;3;4;2;2;5;1;16;16;2;1,00816
620;1;1;1;1;;4;1;6;1;6;1;4;1;4;1;6;4;2;2;1;1;4;3;2;3;5;1;1;1;3;0,98345
642;1;1;1;2;;2;1;3;1;2;1;10;1;8;1;0;2;2;2;2;2;1;1;1;4;2;6;21;11;1;1,05705
647;1;1;1;5;;5;1;2;1;2;1;7;1;7;1;0;5;1;2;98;1;1;98;1;2;5;1;13;13;4;0,99956
652;1;1;1;6;;6;1;0;1;0;1;6;1;6;1;0;2;1;1;2;2;4;4;1;2;4;1;9;9;1;1,08881
653;1;1;1;2;;97;1;7;1;7;1;8;1;5;1;3;2;1;2;2;2;1;3;1;1;2;1;21;14;3;1,03525
659;1;98;1;2;;2;2;;1;98;1;10;1;6;2;;2;98;98;98;98;1;3;2;4;1;6;1;1;1;1,09993
660;1;1;1;14;;1;1;5;1;5;1;0;1;0;1;6;1;2;2;1;1;4;3;2;2;5;1;9;9;4;0,95389
661;1;2;1;4;;4;1;4;1;8;1;5;1;5;1;2;4;1;2;1;1;4;3;1;2;5;1;9;9;2;0,96783
665;1;2;1;95;;95;1;0;1;4;1;4;1;5;1;0;97;1;2;1;1;1;3;2;1;3;1;1;1;2;1,09088
679;1;1;1;4;;4;1;7;1;10;1;5;1;5;2;;4;2;2;1;1;4;3;2;2;4;5;9;9;2;0,96163
680;1;4;4;97;97;97;1;0;1;0;1;2;1;4;1;0;5;1;1;2;2;99;3;1;4;2;5;21;15;3;0,96788
690;1;1;1;99;99;99;1;3;1;4;1;4;1;7;1;3;5;2;2;2;99;1;1;2;3;3;1;21;3;2;0,95107
704;1;1;1;4;;4;1;3;1;8;1;2;1;0;1;3;4;2;2;1;1;3;3;2;3;4;7;13;13;4;0,94134
705;1;1;1;5;;5;1;1;1;3;1;6;1;7;1;0;5;1;96;2;1;1;3;1;2;5;1;21;14;3;1,04026
710;1;1;1;99;2;2;1;6;1;6;1;4;1;4;1;6;97;2;1;2;98;1;3;1;3;5;1;10;10;4;0,94532
712;1;1;1;1;;1;1;8;1;5;1;4;1;0;1;98;1;1;2;1;2;5;1;2;3;2;5;1;1;2;0,95469
722;1;2;1;98;98;98;1;0;1;0;1;5;1;4;1;4;2;1;1;1;2;1;4;1;1;4;1;9;9;2;0,96313
724;1;1;1;13;;13;1;0;1;0;1;9;1;7;1;3;2;1;2;2;2;1;3;1;3;5;1;10;10;2;0,953
748;1;2;1;2;;2;1;3;1;5;1;7;1;6;1;0;2;1;2;1;1;1;3;1;4;2;6;1;1;2;0,94316
753;1;1;1;7;;6;1;7;1;0;1;4;1;0;1;0;99;1;1;2;2;1;5;2;3;5;1;9;9;1;1,02542
755;1;1;1;1;;1;1;2;1;2;1;0;1;0;1;2;96;98;2;1;1;4;1;1;3;5;1;21;11;2;0,92354
757;1;4;4;97;2;97;1;7;1;7;1;8;1;5;2;;2;98;2;2;1;98;3;1;2;1;5;1;1;1;1,14043
758;1;2;1;5;;5;1;0;1;0;1;2;1;2;1;0;5;1;96;2;98;1;3;1;3;4;1;21;4;3;0,95135
759;1;1;1;14;;2;1;4;1;4;1;0;1;0;1;8;14;2;1;1;2;4;1;2;3;4;7;8;8;1;1,06781
762;1;1;1;2;;2;1;0;1;3;1;7;1;4;1;1;2;1;2;2;1;2;3;1;4;3;6;13;13;4;0,92997
764;1;1;1;2;;5;1;2;1;4;1;7;1;5;1;1;2;1;2;2;1;1;1;1;2;5;1;7;7;3;1,00459
770;1;1;1;1;;2;1;9;1;8;1;0;1;0;1;7;1;2;96;1;1;5;3;1;4;5;6;13;13;3;0,96577
777;1;3;1;2;;2;1;5;1;5;1;8;1;5;1;98;2;2;1;2;98;2;1;1;4;2;5;1;1;1;1,06106
781;1;1;1;2;;2;1;2;1;4;1;6;1;3;1;1;2;1;2;1;1;1;3;1;3;4;1;1;1;2;0,92706
789;1;1;1;98;97;97;1;4;1;5;1;6;1;6;1;2;5;1;96;2;2;2;4;1;1;3;1;21;15;1;1,13063
797;1;1;1;2;;2;1;3;1;4;1;7;1;3;1;0;2;1;2;2;98;1;1;2;2;4;1;7;7;1;1,09013
819;1;3;2;98;2;97;1;7;1;6;1;8;1;4;1;4;4;1;2;1;1;2;1;1;3;2;5;1;1;2;0,92706
822;1;1;1;14;;1;1;8;1;5;1;0;1;0;1;10;14;2;1;1;1;3;1;1;4;3;6;13;13;4;0,92997
830;1;2;1;1;;2;1;8;1;5;1;0;1;0;1;5;1;2;96;1;1;4;3;1;4;5;1;12;12;2;0,91559
836;1;2;1;98;2;2;1;4;1;2;1;8;1;5;1;3;2;2;2;2;1;1;1;2;2;4;7;1;1;2;1,00721
841;1;4;3;94;99;98;1;0;1;0;1;0;1;0;2;;97;2;2;1;2;98;3;1;3;2;1;21;6;1;1,03903
845;1;2;1;7;;7;1;0;1;0;1;4;1;5;1;0;5;1;1;2;2;1;5;2;2;4;1;9;9;1;1,08186
846;1;1;1;4;;1;1;7;1;7;1;2;1;1;1;7;1;2;1;2;1;4;1;1;4;3;6;5;5;2;0,95863
851;1;2;1;7;;97;1;3;1;6;1;5;1;6;1;2;2;1;1;2;2;1;3;1;1;3;8;9;9;2;0,96313
868;1;1;1;2;;5;1;0;1;2;1;6;1;4;1;0;97;2;2;1;1;2;3;1;2;2;1;21;11;1;1,1361
869;1;2;1;4;;1;1;8;1;9;1;0;1;0;1;98;4;2;2;2;1;5;1;1;4;2;1;10;10;1;1,09074
872;1;2;1;99;97;96;1;5;1;7;1;2;1;0;1;4;99;2;2;1;1;4;3;1;4;3;1;21;2;4;0,93203
876;1;2;4;97;97;97;1;3;1;5;1;7;1;6;2;;2;1;96;2;1;1;3;2;4;3;6;16;16;1;1,10097
902;1;1;1;4;;4;1;6;1;7;1;5;1;4;1;4;4;2;2;1;1;3;3;1;4;2;6;12;12;2;0,91559
907;1;2;1;5;;5;1;0;1;0;1;4;1;6;1;0;5;1;2;2;1;1;1;1;4;3;6;13;13;4;0,92997
912;1;1;1;4;;4;1;2;1;7;1;2;1;1;1;1;4;2;2;1;1;3;3;2;2;5;1;7;7;2;0,96899
913;1;1;1;14;;4;1;8;1;8;1;4;1;3;1;7;1;2;1;1;1;4;1;1;4;5;1;10;10;4;0,96173
914;1;1;1;2;;96;1;7;1;9;1;7;1;7;1;98;2;1;2;1;1;2;3;2;2;5;1;8;8;2;1,00136
940;1;1;1;14;;1;1;7;1;6;1;4;1;1;1;8;14;2;2;1;1;5;3;1;4;5;6;7;7;2;0,90735
949;1;1;1;2;;5;1;2;1;2;1;7;1;2;1;2;2;1;2;2;1;2;1;1;2;5;1;13;13;2;1,00766
953;1;1;1;1;;1;1;10;1;8;1;0;1;0;1;5;1;2;2;1;2;4;3;1;3;2;1;1;1;1;1,04298
954;1;1;1;14;;1;1;5;1;6;1;3;1;0;1;5;14;1;2;1;1;5;1;1;3;4;1;21;6;2;0,92354
960;1;1;1;4;;1;1;6;1;7;1;4;1;3;1;98;4;2;2;1;1;4;3;1;2;3;1;21;11;3;1,04026
963;1;2;1;14;;1;1;5;1;5;1;0;1;0;1;10;14;2;2;1;98;5;3;1;2;2;1;1;1;1;1,14043
971;1;1;1;2;;2;1;3;1;4;1;6;1;6;1;3;2;1;2;1;2;1;5;1;4;4;1;7;7;1;1,02079
972;1;1;1;2;;2;1;1;1;0;1;10;1;9;1;0;2;1;2;2;1;1;1;2;4;3;6;13;13;4;0,96404
973;1;1;1;2;;2;1;0;1;2;1;10;1;6;1;0;2;1;1;2;1;1;3;2;4;2;6;13;13;4;0,96404
981;1;2;1;99;95;8;1;0;1;1;1;6;1;6;1;0;97;1;1;2;2;1;98;2;1;5;1;9;9;4;1,03312
984;1;1;1;98;98;2;1;7;1;8;1;4;1;1;1;7;4;98;1;1;1;3;3;1;3;5;1;1;1;4;0,91961
994;1;1;1;1;;97;1;6;1;0;1;0;1;0;2;;1;2;2;2;1;5;1;2;3;5;5;10;10;4;0,97348
997;1;1;1;2;;2;1;99;1;5;1;8;1;6;1;99;2;1;2;2;2;2;3;2;3;5;1;1;1;4;0,947
999;1;1;1;11;;11;1;4;1;4;1;4;1;5;1;2;97;1;96;1;2;2;3;1;1;4;1;12;12;3;1,00884
1001;1;2;1;5;;5;1;3;1;7;1;8;1;8;1;1;5;1;2;2;1;1;2;2;3;5;5;16;16;3;0,98438
1004;1;1;1;14;;1;1;5;1;5;1;3;1;0;1;7;14;2;2;1;1;4;1;2;3;5;1;13;13;4;0,94134
1005;1;2;2;98;97;98;1;99;1;99;1;99;1;99;1;99;96;1;98;2;1;98;2;2;4;3;5;12;12;1;1,06778
1009;1;1;1;2;;2;1;0;1;2;1;5;1;4;1;0;2;2;2;2;2;2;1;2;4;5;1;13;13;4;0,96404
1011;1;1;1;5;;97;1;2;1;2;1;4;1;5;1;0;5;1;2;1;2;1;3;1;1;4;8;16;16;1;1,13601
1016;1;4;1;96;97;96;1;0;1;0;1;3;1;3;1;0;5;1;1;2;2;1;5;2;2;4;1;9;9;1;1,08186
1018;1;1;2;2;;13;1;0;1;0;1;3;1;1;1;0;2;1;2;1;2;1;3;1;4;3;1;10;10;1;1,09074
1019;1;2;1;98;4;97;1;3;1;6;1;1;1;0;1;4;4;2;2;1;1;3;3;1;1;3;8;1;1;1;1,13494
1029;1;1;1;4;;4;1;3;1;7;1;8;1;2;1;5;97;2;96;1;98;99;3;1;2;1;1;21;3;2;1,00985
1033;1;1;1;14;;4;1;7;1;8;1;6;1;3;1;8;4;1;2;1;1;4;3;1;2;2;1;1;1;2;1,01368
1035;1;1;1;4;;1;1;5;1;6;1;3;1;3;2;;4;1;2;2;1;3;3;2;3;4;1;21;6;3;0,97972
1037;1;1;1;99;97;8;1;0;1;0;1;6;1;6;1;0;97;1;96;2;98;1;3;2;4;4;7;9;9;1;1,05012
1045;1;2;2;98;1;1;1;5;1;5;1;3;1;1;1;98;97;2;2;1;98;98;1;2;4;2;7;21;2;1;1,09576
1046;1;1;1;10;;10;1;0;1;0;1;3;1;6;1;0;5;1;1;2;2;1;5;2;2;5;1;16;16;2;1,00816
1052;1;1;1;1;;1;1;6;1;7;1;4;1;0;2;;97;2;2;1;1;5;3;2;3;5;1;1;1;2;0,95469
1057;1;4;1;1;;1;2;;1;8;1;0;1;0;2;;4;2;1;1;1;98;3;2;4;2;6;1;1;3;1,00713
1065;1;3;1;99;95;98;1;3;1;1;1;0;1;0;1;1;97;99;1;1;1;3;99;1;2;5;1;1;1;2;1,01368
1066;1;2;1;99;13;13;1;2;1;2;1;8;1;10;1;0;5;1;1;2;2;1;4;2;4;1;6;10;10;1;1,13069
1068;1;3;4;97;2;2;1;0;2;;1;10;1;5;2;;2;1;2;2;1;1;3;1;4;3;6;12;12;3;0,94317
1071;1;1;1;98;4;4;1;1;1;6;1;7;1;6;1;0;4;98;2;1;1;3;3;1;1;5;1;13;13;4;0,99471
1078;1;1;1;98;4;1;1;7;1;8;1;2;1;1;1;5;4;2;98;1;1;4;1;2;3;5;6;13;13;3;0,97758
1085;1;1;1;2;;2;1;0;1;0;1;10;1;0;1;0;2;2;2;1;1;2;3;1;2;5;1;1;1;1;1,14043
1101;1;1;1;98;13;13;1;3;1;3;1;5;2;;1;98;2;1;2;1;1;1;3;1;4;2;6;10;10;2;0,96954
1102;1;4;4;97;97;97;1;0;1;0;1;0;1;0;1;0;97;1;98;1;98;99;99;1;3;4;1;9;9;1;0,99576
1108;1;1;1;4;;4;1;4;1;6;1;5;1;3;1;2;4;2;2;2;1;2;3;2;3;5;1;13;13;2;0,94898
1112;1;1;1;5;;5;1;1;1;3;1;5;1;8;1;0;5;1;2;2;1;1;3;1;3;5;1;1;1;3;0,95498
1125;1;2;1;4;;4;1;4;1;8;1;4;1;4;1;4;4;2;96;98;1;3;3;1;2;5;1;21;4;2;1,00985
1134;1;1;1;14;;5;1;7;1;3;1;0;1;0;1;9;14;2;2;1;1;5;3;1;2;2;1;21;2;4;1,00174
1137;1;3;1;4;;4;1;6;1;8;1;6;1;3;1;98;4;2;2;1;1;1;1;2;4;2;6;13;13;3;1,00115
1142;1;2;1;4;;4;1;7;1;10;1;0;1;0;1;7;4;2;1;1;2;2;1;2;4;1;6;10;10;2;1,00501
1158;1;2;2;14;;4;1;7;1;8;1;3;1;0;2;;1;2;2;1;1;98;1;1;3;3;1;7;7;2;0,89187
1165;1;1;1;2;;2;1;3;1;3;1;5;1;3;1;10;97;1;96;2;1;2;3;2;2;5;1;13;13;4;0,99318
1171;1;1;1;14;;2;1;0;1;3;1;10;1;2;1;7;2;2;2;2;1;2;2;1;4;2;6;7;7;1;1,02079
1177;1;1;1;98;7;6;1;0;1;0;1;2;1;5;1;2;5;1;1;2;2;1;5;2;3;4;1;9;9;2;0,91145
1181;1;1;1;98;4;2;1;0;1;1;1;0;1;0;1;0;4;2;1;1;2;1;3;2;2;3;5;1;1;3;1,03754
1185;1;1;1;2;;2;1;1;1;5;1;7;1;4;1;0;2;1;2;2;1;2;3;1;3;4;1;13;13;4;0,91411
1190;1;2;1;4;;4;1;7;1;9;1;6;1;8;1;7;4;2;2;2;1;4;3;2;2;4;1;21;3;2;1,0034
1194;1;1;1;4;;4;1;5;1;7;1;2;1;0;1;5;4;2;1;2;1;4;3;1;2;5;1;13;13;2;1,00766
1195;1;1;1;14;;1;1;8;1;2;1;0;1;0;1;10;14;2;96;1;98;5;1;1;3;2;6;13;13;4;0,91411
1203;1;1;1;4;;1;1;8;1;8;1;3;1;1;1;5;4;2;96;1;1;4;1;2;3;5;1;7;7;1;1,03326
1210;1;2;1;14;;4;1;5;1;4;1;0;1;5;1;7;14;2;2;1;2;1;1;1;3;2;1;13;13;4;0,91411
1211;1;1;1;14;;4;1;7;1;5;1;1;1;1;1;8;14;2;96;98;1;98;1;1;4;5;6;8;8;3;0,96592
1225;1;1;1;98;97;98;1;6;1;6;1;8;1;5;1;4;2;1;1;98;1;98;3;2;4;3;6;12;12;2;0,94911
1231;1;1;1;1;;1;1;9;1;4;1;0;1;0;1;8;1;2;2;1;1;4;2;1;3;4;1;8;8;2;0,92168
1257;1;2;1;1;;1;1;10;1;8;1;4;1;2;1;5;1;2;2;1;1;5;2;2;4;2;6;21;11;2;0,97399
1262;1;2;1;4;;98;1;6;1;7;1;2;1;2;1;5;4;2;2;1;2;3;3;2;1;5;1;1;1;2;1,09088
1272;1;1;1;5;;5;1;0;1;0;1;3;1;6;1;0;97;1;98;2;2;1;98;2;1;5;1;13;13;2;1,08437
1279;1;1;1;2;;2;1;6;1;8;1;10;1;4;1;3;2;2;2;1;2;1;1;2;3;2;7;13;13;4;0,94134
1293;1;1;1;14;;1;1;8;1;5;1;3;1;0;1;9;14;2;2;1;1;5;1;1;3;2;1;10;10;2;0,953
1296;1;2;1;98;98;98;1;1;1;2;1;8;1;3;1;4;2;1;2;2;2;5;1;2;3;4;7;9;9;1;1,02542
1300;1;2;1;1;;1;1;2;1;4;1;0;1;0;1;5;1;2;2;1;2;4;1;1;1;2;5;13;13;3;1,033
1307;1;3;4;97;97;97;1;0;1;0;1;0;1;0;1;0;97;1;2;1;2;98;3;1;2;4;1;1;1;2;1,01368
1310;1;2;1;98;4;4;1;5;1;9;1;7;1;5;1;2;4;1;96;2;2;3;3;2;2;5;1;9;9;1;1,08186
1317;1;1;1;1;;1;1;10;1;4;1;2;1;3;1;7;1;1;2;1;1;5;3;1;4;2;5;1;1;2;0,94316
1324;1;4;1;2;;1;1;4;1;4;1;4;1;3;1;6;14;2;2;1;1;1;3;1;2;4;5;7;7;1;1,09713
1333;1;1;1;1;;1;1;10;1;9;1;1;1;0;1;8;1;2;1;1;2;4;1;2;3;5;1;10;10;3;1,01095
1336;1;3;1;99;99;98;1;3;1;2;1;3;1;3;1;0;2;1;98;2;1;2;3;1;2;5;5;1;1;2;1,01368
1337;1;2;98;7;;97;1;6;1;4;1;8;1;8;2;;5;1;1;2;2;1;4;1;1;3;8;9;9;3;0,99213
1338;1;2;1;98;99;99;1;0;1;0;1;5;1;5;1;0;2;1;96;2;98;2;3;2;4;5;6;1;1;3;1,00713
1340;1;1;1;98;7;6;1;0;1;2;1;6;1;6;1;3;97;1;1;2;2;2;5;2;3;5;1;9;9;4;0,90415
1345;1;4;1;96;4;1;1;6;1;10;1;3;1;0;1;98;4;2;2;2;1;98;3;2;4;2;7;21;11;1;1,09576
1346;1;4;1;2;;1;1;4;1;5;1;6;1;3;2;;2;2;2;2;2;5;1;2;3;4;1;21;3;3;0,97972
1351;1;1;1;14;;1;1;5;1;5;1;0;1;0;1;5;14;2;1;1;1;5;3;1;3;5;1;1;1;2;0,92706
1358;1;1;1;99;98;99;1;10;1;1;1;0;1;8;1;6;99;2;1;2;2;99;5;2;3;2;1;5;5;1;1,0917
1360;1;2;4;97;97;97;1;5;1;6;1;5;1;4;1;4;4;98;98;1;1;4;3;1;3;3;1;1;1;1;1,04298
1369;1;1;1;98;1;98;1;8;1;8;1;9;1;9;2;;5;1;2;2;2;5;3;1;3;3;1;12;12;2;0,89996
1370;1;3;3;98;95;95;1;0;1;0;1;5;1;0;1;0;2;1;1;2;2;2;3;1;1;5;1;21;15;3;1,03525
1372;1;2;2;2;;97;2;;1;4;1;7;1;8;2;;5;1;2;1;1;3;2;1;1;4;1;16;16;2;1,00974
1373;1;3;4;97;97;97;2;;1;5;1;5;1;5;2;;2;1;1;2;98;5;5;1;2;2;1;5;5;3;1,06139
1375;1;1;1;99;98;95;1;4;1;5;1;5;1;5;2;;97;1;2;2;1;3;2;2;4;3;7;21;6;1;1,09576
1381;1;1;1;2;;2;1;6;1;7;1;7;1;5;1;4;2;2;2;1;2;2;1;2;2;4;1;7;7;1;1,09013
1397;1;1;1;2;;2;1;5;1;6;1;8;1;5;1;2;2;1;2;2;1;2;1;1;4;5;6;13;13;2;0,93751
1402;1;2;1;98;2;2;1;5;1;3;1;6;1;5;2;;2;98;96;2;2;1;3;2;2;4;1;1;1;1;1,13315
1406;1;1;1;98;11;11;1;4;1;3;1;9;1;8;1;6;2;1;2;2;1;2;3;2;3;4;1;12;12;3;0,95468
1421;1;1;1;2;;2;1;3;1;3;1;8;1;5;1;0;2;1;2;2;1;1;3;2;2;5;1;12;12;3;1,00726
1428;1;3;1;1;;2;1;5;2;;1;9;1;0;2;;97;98;2;2;1;5;3;2;2;2;1;21;11;1;1,12885
1433;1;1;4;97;2;9;1;0;1;0;1;4;1;4;1;0;2;2;2;1;1;1;5;1;4;2;6;16;16;2;0,94404
1436;1;1;1;2;;2;1;5;1;5;1;8;1;5;1;0;2;1;2;2;1;1;3;1;4;2;6;10;10;2;0,96954
1437;1;2;1;8;;97;1;0;1;2;1;2;1;3;1;0;5;1;1;2;2;1;3;1;2;5;1;9;9;2;0,96783
1440;1;1;1;98;2;5;1;6;1;6;1;5;1;2;1;0;2;2;1;1;1;1;3;1;3;5;1;1;1;2;0,92706
1449;1;1;1;2;;8;1;0;1;4;1;8;1;4;1;0;2;1;2;2;2;1;3;2;3;2;1;9;9;2;0,91145
1456;1;2;1;95;;95;1;0;1;0;1;0;1;0;1;0;97;2;2;1;2;3;3;2;1;5;5;21;2;2;1,08674
1461;1;2;1;4;;4;1;3;1;9;1;6;1;4;1;0;4;2;2;1;1;3;3;2;1;3;8;1;1;2;1,09088
1463;1;2;1;99;11;11;1;98;1;98;1;5;1;8;1;98;5;1;1;2;2;1;3;1;3;2;5;12;12;1;1,0125
1478;1;1;1;4;;4;1;7;1;8;1;3;1;4;1;3;4;2;2;1;1;3;3;2;2;4;1;21;14;2;1,0034
1485;1;1;1;98;98;97;2;;1;98;1;98;1;98;2;;96;98;96;2;1;98;3;2;4;2;5;10;10;1;1,13069
1497;1;2;1;99;6;6;1;0;1;0;1;0;1;0;1;0;97;1;1;2;2;4;4;2;3;5;1;9;9;4;0,90415
1502;1;1;1;14;;1;1;8;1;7;1;0;1;0;1;8;1;2;2;1;1;5;1;1;3;3;1;13;13;4;0,91411
1505;1;2;1;2;;2;1;0;1;5;1;5;1;0;2;;97;1;2;1;1;2;3;2;2;4;1;7;7;1;1,09013
1523;1;2;1;5;;5;1;2;1;2;1;4;1;6;1;1;97;1;2;2;1;1;3;1;1;3;8;8;8;2;1,00294
1524;1;2;1;2;;2;1;0;1;0;1;7;1;6;1;0;2;1;2;2;1;2;3;1;4;5;6;13;13;4;0,92997
1526;1;1;1;1;;1;1;8;1;7;1;0;1;0;1;5;1;2;1;1;1;3;3;2;4;3;6;13;13;2;0,97185
1527;1;1;1;4;;1;1;6;1;7;1;3;1;2;1;7;4;2;1;1;1;3;1;2;4;3;1;21;11;2;0,97399
1528;1;2;1;13;;97;1;98;1;4;1;3;1;7;1;4;5;1;96;1;2;2;1;1;1;3;8;10;10;2;1,037
1532;1;3;1;1;;1;1;5;1;5;1;5;1;5;2;;1;1;1;1;2;98;1;2;2;2;1;10;10;2;1,03536
1536;1;1;1;14;;2;1;2;1;2;1;3;1;3;1;5;14;2;2;1;1;5;3;1;3;4;1;21;2;4;0,91613
1545;1;1;1;14;;1;1;8;1;8;1;0;1;0;1;10;14;2;96;1;1;5;3;1;2;2;1;1;1;2;1,01368
1548;1;1;1;14;;1;1;8;1;6;1;1;1;0;1;9;1;2;1;1;1;5;3;1;4;2;1;13;13;3;0,96577
1557;1;1;1;1;;1;1;8;1;98;1;0;1;0;1;99;1;2;98;1;1;5;1;1;4;5;6;7;7;1;1,02079
1559;1;4;2;5;;5;1;0;1;2;1;5;1;5;1;1;5;1;2;2;1;1;1;1;2;5;1;13;13;3;1,03801
1560;1;2;1;98;97;4;1;5;1;6;1;4;1;5;1;5;97;1;2;1;1;3;2;2;4;5;5;13;13;3;1,00115
1572;1;1;1;1;;1;1;5;1;5;1;0;1;0;1;5;1;2;2;1;1;4;1;1;4;3;1;21;3;2;0,93958
1574;1;2;1;98;97;2;1;4;1;4;1;6;1;3;1;0;2;1;96;1;1;2;1;2;3;3;5;1;1;1;1,07404
1577;1;1;1;2;;2;1;0;1;4;1;6;1;5;1;0;2;1;96;2;1;2;3;2;3;4;5;21;6;1;1,06997
1579;1;3;4;97;5;5;1;2;1;2;1;5;1;6;1;3;5;1;98;1;1;1;3;2;1;2;5;13;13;4;1,07566
1582;1;1;1;14;;1;1;6;1;6;1;0;1;0;1;8;14;2;2;1;1;4;3;2;2;5;1;21;2;4;0,99533
1584;1;2;1;98;98;1;1;4;1;6;1;0;1;0;2;;97;2;2;2;1;5;3;2;2;4;5;10;10;1;1,16482
1586;1;4;1;96;97;96;1;5;1;5;1;5;1;5;1;5;97;98;2;1;2;1;4;1;2;4;1;7;7;2;0,97521
1590;1;2;2;99;98;97;2;;1;7;1;6;1;98;2;;98;1;2;2;98;2;4;2;1;3;1;1;1;2;1,09088
1595;1;2;1;2;;5;1;5;1;4;1;8;1;6;2;;2;1;2;2;1;1;1;1;3;4;1;21;14;2;0,92354
1598;1;2;2;7;;97;1;1;1;3;1;4;1;4;1;0;5;1;1;2;2;2;5;1;4;4;6;9;9;2;0,90047
1601;1;2;2;98;97;98;1;4;1;8;1;8;1;4;1;0;4;1;2;1;1;3;3;2;4;2;6;21;3;2;0,97399
1603;1;2;1;14;;5;1;7;1;8;1;4;1;4;1;8;4;2;1;1;1;4;1;2;3;2;5;13;13;4;0,94134
1606;1;4;1;2;;2;1;0;1;8;1;9;1;5;1;0;2;98;2;2;1;98;3;2;2;5;5;1;1;2;1,00721
1607;1;3;1;2;;2;1;5;1;0;1;5;1;5;1;5;2;2;96;2;2;1;1;2;3;4;1;9;9;2;0,91145
1608;1;1;1;1;;1;1;8;1;9;1;4;1;3;1;5;1;98;2;2;1;4;3;2;2;5;1;13;13;2;1,00121
1609;1;1;1;98;2;4;1;0;1;4;1;5;1;3;1;0;2;1;2;2;1;3;1;1;2;5;1;13;13;4;0,99956
1612;1;1;1;98;2;2;1;0;1;2;1;1;1;0;1;1;97;2;2;1;2;1;1;2;2;5;1;5;5;2;1,02374
1625;1;1;4;97;98;98;1;3;1;5;1;4;1;5;1;2;97;1;2;2;98;2;3;2;3;5;1;7;7;3;0,9461
1628;1;3;3;96;97;5;1;0;1;2;1;2;1;6;1;0;97;98;99;2;99;1;1;2;2;5;1;7;7;1;1,09013
1635;1;2;98;98;97;98;1;7;1;8;1;7;1;5;2;;4;98;98;98;1;98;3;2;4;1;6;13;13;3;1,00115
1636;1;1;1;2;;5;1;1;1;1;1;7;1;6;1;0;2;1;96;2;1;1;3;1;4;2;6;1;1;2;0,94316
1638;1;1;1;4;;4;1;4;1;7;1;2;1;1;1;0;4;2;1;1;2;3;3;2;3;2;6;1;1;2;0,95469
1642;1;1;1;6;;6;1;0;1;1;1;5;1;5;1;0;2;1;1;2;2;2;5;1;4;3;1;9;9;3;0,92758
1648;1;2;3;12;;97;1;5;1;5;1;5;1;5;2;;97;2;2;1;2;5;1;2;2;5;1;5;5;2;1,02374
1649;1;3;1;4;;4;1;4;1;8;1;1;1;3;1;6;4;1;2;2;1;3;1;2;4;1;7;8;8;1;1,09354
1652;1;1;1;2;;5;1;2;1;3;1;4;1;4;2;;97;1;98;1;1;1;99;2;2;4;1;13;13;1;1,12637
1658;1;4;4;97;97;97;1;2;1;2;1;3;1;2;1;2;96;98;2;2;1;98;4;1;3;3;5;10;10;2;0,953
1660;1;1;1;99;4;1;1;5;1;5;1;3;1;3;2;;4;2;2;1;2;3;3;2;3;2;1;10;10;2;0,98138
1661;1;1;1;1;;1;1;9;1;5;1;2;1;0;1;6;1;2;2;1;1;5;1;1;4;2;6;7;7;1;1,02079
1664;1;4;4;97;97;97;1;99;1;99;1;99;1;99;1;99;97;1;96;2;2;2;3;1;3;3;1;10;10;1;1,07214
1669;1;3;1;96;7;96;1;0;1;0;1;4;1;6;1;0;97;1;1;2;2;3;5;1;2;4;1;9;9;1;1,08881
1686;1;1;1;1;;1;1;8;1;8;1;0;1;1;1;6;1;2;1;1;1;4;3;2;3;3;1;1;1;2;0,95469
1694;1;2;1;99;99;99;1;7;1;8;1;5;1;5;1;98;1;2;2;2;1;4;1;2;4;3;7;10;10;4;0,99695
1697;1;3;3;9;;97;1;0;1;0;1;0;1;0;2;;97;1;96;2;2;3;1;2;3;4;6;16;16;3;0,98438
1716;1;1;1;98;2;5;1;0;1;0;1;6;1;5;1;0;2;1;2;2;1;2;3;2;4;4;5;21;3;3;1,00332
1723;1;4;98;98;97;97;1;0;1;0;1;3;1;3;1;0;97;1;96;2;1;1;3;1;3;4;1;16;16;3;0,95589
1726;1;1;98;98;2;2;1;4;1;5;1;6;1;5;1;4;2;1;2;98;1;3;3;2;3;3;7;1;1;2;0,95469
1732;1;1;1;2;;2;1;4;1;5;1;6;1;5;1;98;2;1;96;2;1;2;3;2;3;4;7;12;12;3;0,95468
1736;1;2;2;14;;97;1;2;1;6;1;2;1;0;1;6;4;2;2;1;1;5;1;1;2;3;5;13;13;1;1,13364
1739;1;3;4;97;97;97;1;4;1;4;1;2;1;4;1;5;97;99;2;1;1;4;3;1;3;5;1;12;12;1;1,0125
1744;1;2;1;2;;2;1;1;1;6;1;4;1;2;2;;2;98;2;2;1;98;3;1;3;2;5;1;1;4;0,91961
1748;1;3;1;4;;4;1;3;1;6;1;1;1;0;1;0;4;2;2;1;1;3;1;1;3;4;1;21;6;1;1,03903
1749;1;1;2;99;97;98;1;5;1;5;1;5;1;5;2;;97;98;96;2;1;98;1;2;1;5;1;13;13;1;1,21995
1750;1;2;1;5;;5;1;1;1;2;1;7;1;9;1;0;2;1;1;2;98;1;1;1;4;4;6;21;15;2;0,93958
1752;1;1;1;96;97;4;1;0;1;0;1;0;1;0;1;0;4;2;2;1;98;98;1;2;2;4;1;7;7;3;0,99817
1758;1;1;1;2;;13;1;2;1;4;1;4;1;4;1;0;2;1;2;2;1;2;3;2;2;5;1;10;10;2;1,03536
1759;1;2;1;1;;1;1;9;1;9;1;3;1;0;1;98;1;1;96;98;1;5;3;2;1;5;1;21;6;2;1,08674
1760;1;1;1;14;;1;1;7;1;6;1;0;1;0;1;9;1;2;2;1;1;5;1;1;3;4;1;21;14;2;0,92354
1770;1;1;2;98;4;97;1;6;1;10;1;5;1;6;1;6;4;98;2;1;2;4;1;2;2;5;1;13;13;2;1,00121
1771;1;1;1;2;;4;1;1;1;4;1;6;1;3;1;0;2;1;96;2;1;3;1;1;3;5;1;8;8;2;0,92168
1781;1;98;2;98;97;98;1;2;1;5;1;1;1;0;2;;4;98;2;1;99;98;3;1;4;5;6;21;4;3;0,96788
1786;1;2;3;97;97;97;1;1;1;98;1;1;1;1;1;1;97;2;1;1;98;3;3;2;1;3;8;7;7;3;1,08108
1796;1;3;1;98;98;1;1;5;1;7;1;5;1;0;1;5;4;1;2;1;1;4;3;2;4;3;7;21;2;4;0,96615
1804;1;1;1;14;;1;1;6;1;8;1;3;1;0;1;5;4;2;2;1;1;4;3;1;3;4;1;21;14;2;0,92354
1807;1;1;2;2;;2;1;0;1;4;1;8;1;6;1;0;2;1;2;2;2;1;3;1;4;4;6;9;9;4;0,89323
1819;1;1;1;5;;5;1;0;1;0;1;4;1;10;1;0;5;1;1;2;2;1;1;2;3;2;5;13;13;3;0,97758
1821;1;1;1;2;;4;1;5;1;8;1;9;1;4;1;6;4;2;2;2;1;3;3;1;3;2;5;10;10;2;0,953
1822;1;1;1;1;;1;1;8;1;8;1;1;1;0;1;4;1;2;2;1;1;5;2;1;4;5;6;7;7;1;1,02079
1823;1;1;1;96;2;2;1;5;1;3;1;5;1;3;2;;2;1;2;1;1;1;3;2;2;2;5;21;6;1;1,12885
1832;1;2;2;2;;96;1;2;1;2;1;7;1;5;1;0;2;99;99;1;1;2;3;2;3;5;1;12;12;3;0,95468
1842;1;3;1;2;;97;1;5;2;;1;8;1;8;2;;2;99;2;2;1;5;5;1;2;4;1;21;14;2;1,00985
1855;1;1;1;98;7;7;1;3;1;0;1;5;1;6;1;3;97;98;1;2;2;2;4;2;2;3;1;9;9;1;1,08186
1861;1;4;4;97;95;97;1;0;1;0;1;0;1;3;1;0;97;1;96;2;2;1;5;1;1;5;1;9;9;3;0,99213
1864;1;1;1;4;;4;1;5;1;9;1;0;1;0;1;5;4;2;2;1;1;3;3;1;4;5;1;5;5;3;0,98751
1874;1;1;1;14;;1;1;9;1;8;1;1;1;1;1;10;1;2;2;1;1;5;1;1;3;5;1;21;14;3;0,95135
1882;1;1;1;98;9;96;1;4;1;2;1;6;1;5;1;0;97;1;1;2;2;2;5;2;2;5;1;16;16;3;1,03854
1885;1;4;4;97;97;97;1;0;1;0;1;0;1;0;1;0;97;99;96;1;2;98;1;1;3;5;1;5;5;2;0,9423
1886;1;1;1;7;;7;1;4;1;4;1;6;1;5;1;0;5;1;1;2;2;2;5;1;1;3;8;9;9;2;0,96313
1891;1;1;1;98;4;4;1;5;1;6;1;3;1;0;1;5;4;98;96;1;1;98;3;1;2;4;1;1;1;4;1,00555
1896;1;2;1;4;;4;1;5;1;7;1;6;1;4;1;5;4;1;1;2;2;3;3;2;1;5;1;9;9;3;1,07289
1900;1;1;1;8;;2;1;0;1;0;1;1;1;5;1;0;5;1;1;2;2;2;3;1;4;2;1;9;9;4;0,89323
1901;1;1;1;1;;1;1;9;1;7;1;0;1;0;1;5;1;2;1;1;1;3;1;2;2;5;1;13;13;4;0,99318
1903;1;4;3;1;;1;1;5;1;5;1;5;1;5;1;5;96;99;96;2;2;99;3;2;3;5;1;7;7;3;0,9461
1905;1;2;1;7;;7;1;0;1;2;1;6;1;0;1;0;2;1;1;2;2;1;5;1;1;4;1;9;9;1;1,08355
1914;1;1;1;11;;11;1;0;1;0;1;5;1;10;1;0;5;1;2;2;2;1;4;1;2;2;1;12;12;2;0,98408
1916;1;2;1;2;;2;1;99;1;4;1;6;1;3;1;5;2;2;2;1;1;2;3;2;3;5;1;21;2;4;0,94342
1919;1;2;1;2;;2;1;0;1;5;1;8;1;7;1;0;2;1;2;1;1;1;3;2;3;2;1;1;1;3;0,98345
1923;1;1;1;1;;1;1;10;1;6;1;0;1;0;2;;1;2;99;1;99;5;3;2;2;5;1;12;12;3;1,00726
1926;1;1;1;14;;2;1;10;1;10;1;0;1;0;1;10;1;2;1;1;1;5;3;1;3;2;1;1;1;2;0,92706
1928;1;1;1;2;;5;1;3;1;5;1;4;1;4;1;3;97;2;2;2;1;1;1;1;4;5;6;5;5;3;0,98751
1947;1;1;1;1;;1;1;10;1;0;1;0;1;0;1;8;1;2;1;1;1;5;1;1;4;1;6;5;5;2;0,95863
1953;1;1;1;99;4;4;1;7;1;7;1;4;1;5;1;6;99;2;2;1;1;4;2;1;3;5;1;8;8;1;1,0369
1965;1;1;1;98;98;1;1;8;1;98;1;0;1;0;2;;1;2;98;98;1;5;3;2;4;2;6;5;5;3;1,02368
1966;1;1;1;2;;4;1;1;1;5;1;5;1;4;1;0;2;1;96;1;1;1;3;2;3;3;5;5;5;3;0,99959
1968;1;2;1;2;;2;1;0;1;0;1;8;1;0;2;;2;1;2;1;1;1;3;2;3;2;7;8;8;1;1,06781
1980;1;2;1;98;97;2;1;5;1;5;1;3;1;0;1;98;1;2;2;2;1;99;3;2;1;2;7;5;5;1;1,24745
1984;1;2;1;2;;2;1;1;1;0;1;7;1;0;1;0;2;1;2;2;1;2;3;1;4;3;1;8;8;1;1,05491
1986;1;3;1;99;97;99;1;5;1;5;1;5;1;5;1;5;99;2;98;2;98;3;1;1;4;1;6;5;5;3;0,98751
2005;1;2;1;2;;5;1;2;1;2;1;3;1;3;1;0;2;1;2;2;1;1;98;1;4;5;6;8;8;2;0,93767
2013;1;1;1;1;;1;1;5;1;0;1;5;1;0;1;10;14;2;1;1;1;4;2;1;4;5;6;8;8;2;0,93767
2023;1;1;98;98;4;97;1;6;1;7;1;4;1;1;1;6;98;2;98;1;1;3;3;2;4;3;7;8;8;2;0,97202
2024;1;1;1;4;;4;1;3;1;5;1;2;1;0;1;0;4;1;2;1;1;4;3;1;3;3;6;5;5;3;0,97069
2030;1;1;1;1;;1;1;5;1;5;1;4;1;2;1;2;1;2;96;1;1;4;3;2;4;5;6;8;8;1;1,09354
2034;1;1;1;14;;1;1;6;1;4;1;0;1;0;1;8;14;2;2;1;1;5;1;1;3;5;1;5;5;2;0,9423
2038;1;1;2;99;99;99;1;99;1;99;1;99;1;99;1;99;99;2;1;1;1;98;2;2;4;5;1;8;8;2;0,97202
2039;1;4;1;2;;2;1;0;1;0;1;10;1;0;1;0;2;1;1;2;1;98;3;2;4;2;7;8;8;2;0,97202
2045;1;2;1;4;;4;1;7;1;10;1;4;1;4;1;2;4;2;2;2;1;5;1;2;3;2;5;10;10;3;1,01095
2058;1;1;1;1;;1;1;98;1;8;1;0;1;0;1;10;14;2;2;1;1;4;1;2;4;3;7;10;10;2;1,00501
2063;1;1;1;2;;2;1;1;1;1;1;4;1;2;1;0;2;1;96;2;2;1;3;2;3;5;1;21;4;3;0,97972
2065;1;2;1;4;;98;1;5;1;6;1;0;1;0;1;2;4;2;2;1;1;2;2;2;4;5;1;10;10;4;0,99695
2089;1;1;1;14;;4;1;7;1;6;1;0;1;0;1;10;98;2;1;1;2;5;98;2;4;5;1;10;10;2;1,00501
2090;1;99;4;97;4;97;2;;1;8;1;0;1;0;2;;4;2;2;1;1;99;2;1;4;4;6;21;18;2;0,93958
2108;1;2;1;98;2;2;1;4;1;3;1;6;1;5;2;;98;1;2;1;1;1;1;2;3;2;5;21;4;2;0,95107
2109;1;1;1;99;99;99;1;99;1;99;1;99;1;99;1;99;99;2;98;99;1;99;1;2;4;5;6;10;10;4;0,99695
2117;1;1;1;1;;1;1;9;1;5;1;0;1;0;1;8;1;98;2;2;1;4;1;2;4;3;7;10;10;2;1,00501
2121;1;2;1;1;;1;1;5;1;6;1;4;1;0;1;0;1;1;96;1;2;5;3;1;2;3;1;21;4;1;1,1361
2124;1;1;1;2;;2;1;98;1;7;1;98;1;10;2;;5;98;2;1;98;5;1;2;4;1;6;10;10;2;1,00501
2135;1;2;1;5;;97;1;2;1;3;1;7;1;8;1;1;5;1;1;2;1;1;3;2;1;3;8;21;18;2;1,08674
2142;1;2;1;1;;1;1;10;1;9;1;0;1;0;1;98;1;2;2;2;1;3;1;2;4;1;6;10;10;2;1,00501
2145;1;2;1;14;;4;1;5;1;4;1;0;1;0;1;98;1;98;2;1;1;3;3;2;4;2;6;10;10;2;1,00501
2147;1;2;1;4;;4;1;7;1;8;1;7;1;7;1;5;4;2;2;1;1;3;3;2;4;2;7;10;10;2;1,00501
2152;1;4;1;98;97;95;1;6;1;7;1;7;1;7;1;98;97;1;2;2;2;1;3;2;1;5;8;10;10;2;1,12136
2167;1;3;3;98;4;1;1;2;1;8;1;5;1;1;1;0;4;1;1;2;1;2;3;2;4;2;6;10;10;2;1,00501
2172;1;1;1;99;99;1;1;7;1;7;1;3;1;3;1;5;1;1;2;1;1;5;3;2;4;5;7;10;10;4;0,99695
2178;1;2;1;13;;13;1;3;1;4;1;8;1;8;1;0;5;1;1;2;2;1;4;1;1;5;1;10;10;2;1,037
2226;1;1;1;1;;1;1;10;1;6;1;0;1;0;1;5;1;2;1;1;1;4;3;2;4;4;6;21;17;3;1,00332
2229;1;2;1;98;1;1;1;8;1;8;1;98;1;99;1;98;1;2;2;2;1;4;3;1;4;2;6;10;10;3;0,99872
2237;1;2;1;13;;96;1;2;1;2;1;4;1;4;1;0;5;1;2;1;1;1;4;2;2;3;5;10;10;2;1,03536
2240;1;1;1;2;;2;1;0;1;1;1;7;1;5;1;0;2;1;2;2;1;1;99;1;2;5;1;10;10;2;1,04202
2257;1;1;1;95;;95;1;0;1;5;1;5;1;5;1;4;2;1;2;2;98;3;98;1;3;5;1;21;4;3;0,95135
2263;1;3;1;2;;2;1;3;1;2;1;3;1;1;1;0;2;1;2;1;2;2;3;1;3;4;1;9;9;2;0,8851
2270;1;1;1;99;7;7;1;0;1;0;1;0;1;3;1;0;5;1;1;2;2;1;4;2;1;3;1;9;9;2;1,0415
2287;1;98;98;14;;1;2;;1;8;1;0;1;0;1;98;98;98;98;1;98;5;2;2;3;4;1;10;10;4;0,97348
2289;1;1;1;99;99;99;1;5;1;5;1;5;1;5;1;5;99;99;96;2;98;4;3;1;2;5;1;16;16;3;1,04522
2290;1;1;1;14;;1;1;6;1;4;1;0;1;0;1;8;1;2;1;1;1;5;2;1;2;5;1;1;1;2;1,01368
2291;1;4;3;98;97;98;1;0;1;0;1;0;1;0;2;;97;1;2;1;2;5;3;2;2;2;1;12;12;3;1,00726
2298;1;1;1;98;5;5;1;2;1;3;1;6;1;4;1;0;2;1;2;2;98;2;3;1;2;5;1;13;13;3;1,03801
2306;1;1;1;4;;98;1;5;1;7;1;2;1;1;1;4;4;2;2;1;2;3;1;2;3;4;7;7;7;3;0,9461
2310;1;1;1;14;;2;1;4;1;5;1;0;1;0;1;9;14;2;2;1;1;4;1;1;4;2;5;10;10;3;0,99872
2334;1;4;4;97;1;1;1;10;1;8;1;0;1;7;1;0;1;1;96;2;1;4;1;2;4;2;6;13;13;3;1,00115
2335;1;1;1;2;;2;1;0;1;0;1;8;1;8;1;0;2;1;2;2;1;2;3;2;4;5;1;9;9;2;0,93342
2340;1;2;1;98;14;4;1;6;1;6;1;3;1;4;2;;4;1;2;2;98;3;3;1;1;4;8;7;7;3;0,99973
2347;1;1;1;99;98;98;1;0;1;1;1;0;1;0;2;;97;2;96;2;1;98;3;1;3;4;5;21;4;2;0,92354
2350;1;1;1;99;14;1;1;8;1;6;1;0;1;0;1;9;14;2;2;1;1;4;2;2;3;5;1;13;13;4;0,94134
2351;1;1;2;14;;1;1;8;1;7;1;0;1;0;1;9;1;2;1;1;1;5;1;2;4;5;6;13;13;4;0,96404
2357;1;1;1;98;4;2;1;9;1;8;1;0;1;0;1;4;1;2;2;1;1;4;3;1;4;5;1;1;1;4;0,93557
2363;1;3;1;14;;1;1;4;1;2;1;0;1;0;1;9;14;2;2;1;1;5;1;1;3;5;1;1;1;2;0,92706
2364;1;1;1;2;;2;1;0;1;3;1;5;1;5;1;0;2;1;2;2;1;1;3;2;3;5;1;21;11;2;0,95107
2369;1;1;1;9;;9;1;2;1;2;1;3;1;4;1;0;5;1;1;2;1;2;3;2;3;5;1;16;16;2;0,9556
2370;1;1;1;98;14;97;1;5;1;7;1;3;1;3;1;5;4;2;2;1;98;3;3;1;2;2;1;21;11;2;1,00985
2377;1;2;2;98;2;2;1;5;1;6;1;6;1;6;1;4;97;1;96;2;2;1;3;1;1;4;1;16;16;3;1,04017
2381;1;2;1;1;;2;1;4;1;5;1;5;1;0;1;98;5;1;96;1;1;98;1;2;2;3;1;1;1;4;0,99914
2396;1;1;1;98;1;1;1;8;1;5;1;0;1;0;1;7;1;98;98;1;1;4;2;1;4;3;6;9;9;4;0,89323
2404;1;3;4;97;2;98;2;;1;98;1;7;1;98;2;;2;2;2;2;98;98;1;1;2;1;5;9;9;2;0,96783
2408;1;1;1;1;;1;1;10;1;5;1;0;1;0;1;8;1;2;2;1;1;5;1;1;3;3;1;21;11;3;0,95135
2409;1;2;1;14;;4;1;3;1;3;1;0;1;0;1;5;1;2;2;1;1;4;3;1;2;2;1;1;1;4;1,00555
2410;1;1;1;7;;7;1;0;1;0;1;5;1;7;1;0;5;1;1;2;2;1;5;2;3;4;1;9;9;4;0,90415
2412;1;1;2;2;;97;1;7;1;6;1;9;1;5;2;;1;1;1;2;1;5;5;2;2;4;5;13;13;4;0,99318
2413;1;4;4;97;97;97;1;0;1;0;1;0;1;0;2;;97;2;96;1;2;98;3;1;2;5;1;21;4;2;1,00985
2416;1;2;1;7;;2;1;0;1;0;1;5;1;8;1;0;5;1;96;2;2;1;4;1;4;2;6;9;9;1;1,01303
2427;1;2;1;1;;1;1;10;1;7;1;0;1;0;2;;1;98;98;1;1;5;3;2;4;1;7;10;10;2;1,00501
2432;1;2;1;4;;4;1;5;1;6;1;5;2;;1;6;97;1;1;98;2;1;3;2;3;5;5;9;9;3;0,93892
2438;1;1;1;98;5;5;1;0;1;0;1;4;1;6;1;98;5;1;1;2;2;1;5;2;2;5;1;21;4;2;1,0034
2439;1;2;1;99;98;99;1;99;1;99;1;99;1;99;1;99;98;1;2;2;1;98;1;2;4;4;6;13;13;4;0,96404
2446;1;1;1;4;;2;1;5;1;6;1;1;1;0;1;5;4;2;1;1;2;3;3;2;3;3;1;7;7;2;0,91843
2448;1;1;1;4;;2;1;1;1;5;1;5;1;1;1;8;4;2;2;2;1;3;3;1;2;5;1;1;1;2;1,01368
2454;1;3;1;4;;97;1;1;1;5;1;0;1;0;1;1;4;1;2;1;1;3;3;1;4;2;6;8;8;1;1,05491
2473;1;1;1;98;2;2;1;2;1;3;1;6;1;4;2;;98;1;2;2;1;1;98;2;2;5;5;10;10;4;1,02703
2480;1;1;1;98;2;2;1;2;1;3;1;6;1;4;1;1;98;1;2;1;1;2;3;2;3;2;1;1;1;1;1,07404
2482;1;1;1;4;;4;1;1;1;5;1;5;1;1;1;1;4;2;2;1;1;2;3;1;3;5;1;1;1;4;0,91961
2485;1;1;1;5;;5;1;98;1;98;1;8;1;10;2;;5;1;1;2;98;2;4;2;3;3;5;5;5;3;0,99959
2544;1;1;1;2;;2;1;4;1;3;1;10;1;8;1;0;2;1;2;2;1;2;1;2;4;2;1;8;8;1;1,09354
2545;1;3;1;14;;4;1;3;1;5;1;3;1;1;1;5;4;2;98;2;2;3;3;1;2;5;1;8;8;1;1,1338
2552;1;3;4;97;1;97;1;9;1;3;1;0;1;0;1;98;1;2;2;1;1;5;3;2;3;5;1;21;14;2;0,95107
2558;1;1;1;1;;1;1;9;1;6;1;4;1;2;1;5;1;2;1;1;1;4;3;2;4;2;7;10;10;2;1,00501
2578;1;98;1;98;98;9;1;0;1;4;1;5;1;5;1;0;97;1;2;2;2;1;3;2;3;4;1;16;16;2;0,9556
2579;1;3;2;98;5;97;1;1;1;2;1;1;1;5;1;4;5;2;1;1;2;5;3;1;1;2;5;21;3;2;1,00496
2587;1;1;1;99;99;2;1;6;1;7;1;7;2;;2;;4;1;2;2;1;5;3;1;2;3;1;1;1;1;1,14043
2588;1;2;1;99;95;97;1;4;1;4;1;4;1;4;2;;99;1;98;1;98;2;3;1;2;4;1;13;13;4;0,99956
2601;1;2;4;97;2;97;1;0;1;3;1;6;1;3;1;0;2;1;2;1;1;3;3;2;2;5;1;13;13;4;0,99318
2604;1;1;1;13;;13;1;2;1;2;1;6;1;5;1;0;2;1;96;2;1;1;4;1;2;2;1;10;10;2;1,04202
2609;1;4;1;10;;10;1;0;1;0;1;0;1;5;1;0;5;1;1;2;2;1;5;1;2;5;1;16;16;2;1,01466
2618;1;1;1;4;;1;1;8;1;9;1;2;1;0;1;7;4;2;2;1;2;4;3;2;3;2;5;1;1;3;0,98345
2619;1;1;1;98;97;4;1;0;1;0;1;0;1;0;1;0;97;1;98;98;98;3;3;2;3;3;5;21;14;2;0,95107
2625;1;1;1;5;;97;1;6;1;7;1;6;1;7;1;0;4;2;2;1;1;2;3;1;2;5;1;13;13;3;1,03801
2640;1;1;1;4;;1;1;1;1;5;1;1;1;2;2;;4;2;2;1;2;3;1;2;2;5;1;12;12;2;0,97777
2642;1;1;1;1;;4;1;10;1;9;1;0;1;0;1;8;1;1;2;1;1;3;1;2;3;2;7;1;1;2;0,95469
2652;1;1;1;1;;1;1;3;1;3;1;2;1;0;1;1;1;2;2;1;1;4;1;2;4;3;6;7;7;1;1,05817
2658;1;1;1;2;;13;1;0;1;5;1;8;1;3;1;0;2;1;2;2;1;2;3;2;3;5;1;10;10;2;0,98138
2672;1;1;1;99;99;99;1;5;1;5;1;0;1;1;1;98;1;2;99;1;1;4;3;2;3;4;1;7;7;1;1,03326
2723;1;1;1;98;4;4;1;3;1;6;1;0;1;0;1;98;4;2;2;1;98;98;1;2;2;4;5;13;13;3;1,03136
2728;1;98;4;97;97;97;1;0;1;0;1;0;1;0;2;;97;1;1;2;2;98;99;1;1;2;1;9;9;1;1,08355
2730;1;1;2;99;99;99;1;99;1;99;1;99;1;99;1;99;98;2;96;1;2;3;1;2;2;5;1;13;13;2;1,00121
2733;1;1;1;1;;1;1;6;1;7;1;1;1;2;1;5;4;2;2;1;1;5;1;1;3;3;1;13;13;3;0,9493
2756;1;2;1;99;99;99;1;0;1;0;1;0;1;0;1;0;97;1;1;2;2;3;5;2;3;5;1;9;9;2;0,91145
2785;1;1;1;4;;4;1;7;1;9;1;3;1;0;1;6;4;2;2;1;1;3;2;1;2;5;1;9;9;2;0,96783
2789;1;2;1;14;;4;1;0;1;0;1;0;1;0;1;6;14;2;2;1;1;3;1;1;2;4;1;13;13;4;0,99956
2790;1;1;1;1;;1;1;8;1;5;1;4;1;3;1;6;1;2;2;1;1;4;1;1;2;4;1;13;13;2;1,00766
2805;1;1;1;4;;98;1;8;1;9;1;4;1;0;1;4;4;2;2;1;1;4;3;2;4;4;1;7;7;3;0,96891
2807;1;2;1;5;;98;1;0;1;0;1;6;1;7;1;0;2;1;96;2;2;1;3;1;4;3;6;1;1;2;0,94316
2813;1;1;1;7;;6;1;0;1;0;1;5;1;7;1;0;2;1;1;2;2;2;5;1;3;5;6;9;9;4;0,87798
2814;1;1;1;5;;2;1;0;1;1;1;0;1;6;1;0;5;1;2;2;1;2;1;1;2;4;1;21;4;2;1,00985
2817;1;2;2;98;97;97;1;3;1;3;1;3;1;3;2;;97;2;1;1;2;98;3;1;2;2;1;21;3;2;1,00985
2818;1;2;1;1;;1;1;7;1;7;1;0;1;0;1;7;1;2;99;1;1;4;3;2;2;5;1;1;1;4;0,99914
2825;1;2;1;99;98;98;1;0;1;1;1;7;1;7;1;0;98;1;1;2;98;3;3;1;2;4;1;9;9;4;0,96004
2826;1;1;1;4;;98;1;6;1;8;1;5;1;5;1;4;4;1;98;2;98;3;4;1;3;3;5;1;1;1;1,04298
2827;1;2;2;5;;97;1;3;1;4;1;3;1;5;1;2;5;1;96;2;1;1;3;2;3;5;5;13;13;3;0,97758
2839;1;1;2;8;;8;1;0;1;0;1;2;1;5;1;0;5;1;1;2;2;1;5;1;2;5;1;9;9;2;0,96783
2842;1;2;1;1;;1;1;8;1;6;1;5;1;5;1;7;1;2;2;1;1;4;3;1;3;4;1;5;5;1;1,06011
2847;1;1;1;1;;1;1;5;1;5;1;5;1;3;1;3;1;1;2;1;1;3;3;2;1;3;8;10;10;4;1,11237
2857;1;2;2;99;99;99;1;98;1;5;1;8;1;1;1;7;99;2;98;2;1;99;3;1;1;3;8;13;13;4;0,99471
2867;1;1;1;2;;97;1;3;1;3;1;6;1;5;1;0;2;1;2;1;1;1;1;1;2;5;1;1;1;3;1,04423
2870;1;2;1;2;;2;1;0;1;0;1;10;1;6;1;0;2;98;2;2;1;1;1;2;4;2;5;1;1;2;0,97768
2872;1;1;1;1;;1;1;8;1;7;1;1;1;2;1;5;1;2;2;1;1;3;3;2;2;5;1;21;11;1;1,12885
2876;1;3;4;97;97;97;2;;2;;2;;2;;2;;96;1;1;2;1;5;1;2;2;1;5;12;12;2;0,97777
2886;1;1;1;98;98;5;1;3;1;5;1;7;1;8;1;0;2;1;2;2;1;1;3;2;2;4;1;21;11;1;1,12885
2890;1;1;1;96;2;2;1;0;1;0;1;0;1;0;1;0;97;1;96;2;98;2;3;1;2;2;1;12;12;2;0,98408
2902;1;2;1;5;;5;1;6;1;7;1;5;1;7;1;3;5;1;96;2;98;1;3;2;1;5;8;13;13;4;1,07566
2905;1;2;1;5;;5;1;0;1;0;1;2;1;6;1;0;5;1;1;2;2;1;98;1;2;5;1;16;16;3;1,04522
2920;1;3;1;98;2;97;1;5;2;;1;10;1;5;2;;2;98;98;98;98;1;1;1;2;1;1;9;9;1;1,08881
2924;1;2;1;2;;2;1;3;1;5;1;10;1;5;1;5;2;98;2;1;98;1;4;2;4;2;6;21;11;1;1,09576
2926;1;1;1;1;;1;1;6;1;7;1;2;1;0;1;7;1;1;1;2;1;4;3;2;4;3;1;1;1;4;0,96981
2931;1;2;4;97;97;97;1;5;1;5;1;6;1;6;1;2;2;1;2;2;98;2;4;2;3;5;1;12;12;3;0,95468
2937;1;1;2;99;5;2;1;98;2;;1;98;1;98;1;98;98;1;96;2;2;1;2;1;2;2;1;1;1;2;1,01368
2958;1;1;1;98;98;1;1;7;1;8;1;4;1;5;1;6;4;98;2;1;1;4;3;2;3;3;5;1;1;2;0,95469
2961;1;1;4;97;97;99;1;4;1;3;1;4;1;5;1;0;97;1;96;2;2;2;98;1;3;3;1;1;1;1;1,04298
2968;1;1;1;4;;4;1;5;1;9;1;3;1;1;1;4;4;2;96;98;1;4;1;1;2;5;1;21;14;3;1,04026
2978;1;1;1;2;;2;1;4;1;7;1;8;1;2;2;;2;98;2;1;1;1;5;1;3;2;1;21;19;2;0,92354
2991;1;2;1;2;;2;1;4;1;6;1;6;1;5;1;1;2;1;2;2;1;2;3;1;2;5;1;1;1;3;1,04423
2993;1;1;1;5;;5;1;0;1;0;1;5;1;8;1;0;5;1;96;1;2;1;1;2;2;2;1;21;2;4;0,99533
2995;1;1;1;6;;7;1;2;1;1;1;4;1;4;1;0;97;1;1;2;2;2;5;1;4;5;1;9;9;2;0,90047
2997;1;2;1;13;;13;1;1;1;5;1;4;1;7;1;3;5;1;1;2;99;1;1;1;3;5;1;10;10;2;0,953
3002;1;1;1;99;99;99;1;8;1;8;1;0;1;0;1;98;99;99;99;2;1;3;3;1;3;5;1;13;13;4;0,91411
3004;1;1;1;4;;97;1;6;1;7;1;3;1;5;1;3;1;1;96;1;1;98;98;1;2;5;1;13;13;4;0,99956
3005;1;2;1;4;;4;1;6;1;8;1;0;1;4;1;0;4;2;96;1;98;4;3;2;2;5;1;13;13;4;0,99318
3008;1;2;1;99;98;99;1;0;1;3;1;5;1;5;1;0;97;98;2;1;1;1;3;1;4;5;6;13;13;4;0,92997
3011;1;1;1;99;99;97;1;0;1;0;1;6;1;7;2;;5;1;1;2;2;1;5;2;1;3;8;9;9;4;1,03312
3012;1;1;1;1;;2;1;8;1;6;1;2;1;1;1;5;1;2;1;1;1;3;1;1;3;2;5;13;13;3;0,9493
3021;1;2;1;5;;5;1;3;1;4;1;4;1;6;1;1;5;1;1;2;98;1;3;1;1;5;1;7;7;1;1,09184
3025;1;2;1;98;1;1;1;8;1;6;1;6;1;5;1;6;1;1;1;2;1;5;98;1;3;2;1;10;10;1;1,07214
3026;1;1;1;2;;4;1;1;1;3;1;4;1;2;1;1;2;1;96;2;1;3;1;1;3;5;1;13;13;4;0,91411
3028;1;4;1;2;;2;1;0;1;0;1;7;1;5;1;98;2;2;2;2;1;1;1;2;3;2;5;1;1;2;0,95469
3030;1;1;1;98;98;6;1;5;1;5;1;7;1;5;1;1;2;1;1;2;2;4;4;1;4;5;6;9;9;2;0,90047
3032;1;2;1;14;;1;1;6;1;6;1;3;1;2;1;7;14;2;1;1;1;4;1;1;4;5;6;10;10;3;0,99872
3036;1;2;1;4;;4;1;7;1;7;1;3;1;0;1;98;4;2;2;1;1;3;3;1;2;4;1;21;14;1;1,1361
3045;1;1;1;96;13;13;1;98;1;7;1;2;1;7;2;;97;2;96;1;2;3;2;1;1;5;1;10;10;3;1,06823
3048;1;1;1;5;;5;1;0;1;0;1;4;1;7;1;0;5;1;1;2;2;1;5;2;4;5;6;21;4;3;1,00332
3057;1;1;1;14;;1;1;7;1;4;1;0;1;1;1;10;14;2;96;1;1;5;3;1;1;5;1;9;9;4;0,95539
3062;1;1;1;2;;2;1;1;1;2;1;4;1;2;1;0;2;1;96;2;2;2;3;1;4;5;1;13;13;4;0,92997
3065;1;2;1;2;;2;1;0;1;2;1;10;1;5;1;0;2;1;2;2;1;5;1;1;2;1;1;21;2;4;1,00174
3066;1;1;1;11;;2;1;0;1;0;1;6;1;8;2;;5;1;2;2;2;1;1;2;2;4;1;12;12;1;1,10001
3073;1;1;1;10;;10;1;0;1;0;1;5;1;6;1;0;5;1;1;2;2;1;5;2;2;5;1;16;16;3;1,03854
3085;1;4;1;2;;2;1;0;1;0;1;10;1;10;1;0;2;1;1;2;1;1;5;1;4;2;1;21;4;3;0,96788
3092;1;3;1;99;98;97;1;10;1;8;1;5;1;1;2;;98;2;98;98;98;4;3;2;4;3;7;21;14;1;1,09576
3093;1;1;1;8;;8;1;0;1;0;1;0;1;10;1;0;5;1;96;2;2;1;3;1;4;4;5;9;9;2;0,90047
3094;1;2;1;7;;7;1;0;1;0;1;7;1;7;2;;5;1;1;2;2;2;4;1;3;2;1;9;9;2;0,8851
3107;1;2;4;97;97;5;1;2;1;4;1;2;1;6;1;0;98;2;2;1;2;2;3;1;1;5;1;13;13;3;1,033
3114;1;2;1;9;;9;1;5;1;5;1;6;1;5;1;0;2;98;2;2;1;3;4;1;4;5;6;16;16;3;0,97249
3115;1;2;1;4;;1;1;8;1;9;1;0;1;0;1;0;4;2;2;1;1;2;1;2;2;2;1;10;10;2;1,03536
3117;1;1;1;1;;1;1;4;1;3;1;2;1;2;1;2;1;98;96;2;1;3;3;1;3;5;1;12;12;1;1,0125
3126;1;1;1;1;;1;1;10;1;8;1;0;1;3;1;2;1;1;96;1;1;5;1;2;3;4;5;21;14;3;0,97972
3139;1;2;3;98;95;97;1;3;1;0;1;4;1;3;1;4;97;1;1;2;2;3;3;2;2;4;1;9;9;2;0,96163
3144;1;1;1;4;;2;1;6;1;7;1;2;1;1;1;3;4;2;2;1;1;2;3;1;4;5;6;1;1;2;0,94316
3145;1;1;1;14;;1;1;2;1;7;1;4;1;0;2;;4;2;1;1;1;4;1;1;4;3;6;21;14;3;0,96788
3147;1;1;1;4;;1;1;6;1;8;1;2;1;3;1;6;4;2;2;1;1;4;3;1;2;5;1;13;13;4;0,99956
3148;1;1;1;99;8;99;1;0;1;0;1;0;1;7;1;0;5;1;1;2;2;1;1;2;1;5;1;9;9;4;1,03312
3154;1;1;1;2;;2;1;2;1;2;1;4;1;3;1;2;2;1;96;2;98;2;3;2;4;5;6;12;12;2;0,94911
3156;1;2;1;1;;1;1;10;1;8;1;0;1;0;1;7;1;2;1;1;1;5;3;1;4;3;6;7;7;2;0,90735
3161;1;1;1;98;97;97;1;2;1;4;1;5;1;4;1;2;98;1;96;2;1;3;98;1;2;5;1;13;13;4;0,99956
3162;1;2;1;2;;2;1;6;1;5;1;9;1;7;1;2;2;1;2;2;1;1;3;1;1;4;8;21;11;2;1,00496
3164;1;1;1;14;;1;1;7;1;5;1;0;1;0;1;9;14;2;2;1;1;4;3;2;2;2;1;1;1;2;1,00721
3177;1;3;2;99;99;97;1;7;1;8;1;8;2;;2;;4;1;1;2;2;3;3;1;1;3;1;9;9;3;0,99213
3180;1;1;1;4;;4;1;6;1;8;1;2;1;5;1;1;4;98;2;1;1;3;3;2;2;5;5;10;10;2;1,03536
3182;1;4;2;14;;1;2;;1;6;1;0;1;0;1;8;14;2;1;1;1;5;3;1;1;4;1;13;13;2;1,00276
3185;1;1;1;2;;2;1;2;1;5;1;7;1;5;1;0;97;2;2;2;1;2;3;2;2;5;8;1;1;3;1,03754
3187;1;2;1;98;95;11;1;5;1;5;1;6;1;7;1;2;5;1;1;2;2;1;4;2;1;3;8;12;12;2;1,05899
3191;1;1;1;2;;5;1;0;1;7;1;8;1;7;1;0;2;1;1;1;2;1;4;2;1;4;5;1;1;3;1,12375
3194;1;1;2;2;;8;1;1;1;1;1;9;1;9;1;0;2;1;2;2;98;2;3;1;3;3;1;9;9;2;0,8851
3196;1;1;1;99;99;99;1;4;1;4;1;1;1;0;1;4;97;2;96;1;1;4;1;1;4;5;6;13;13;4;0,92997
3197;1;2;2;2;;2;1;7;1;5;1;8;1;4;1;6;2;2;2;2;1;3;3;1;3;2;6;10;10;4;0,94532
3203;1;98;1;1;;1;1;98;2;;1;98;1;98;2;;1;2;98;1;1;5;5;1;4;1;6;12;12;2;0,91559
3217;1;2;1;5;;2;1;6;1;4;1;3;1;7;1;98;5;1;1;2;2;98;1;1;3;5;1;13;13;4;0,91411
3220;1;2;1;2;;97;1;4;1;4;1;9;1;6;1;0;2;98;1;2;98;1;1;2;1;3;8;1;1;2;1,09088
3227;1;1;4;97;4;97;1;5;1;7;1;5;1;5;1;5;4;98;2;1;1;3;3;1;2;4;1;21;17;1;1,1361
3240;1;2;1;2;;2;1;0;1;2;1;6;1;3;1;0;97;1;2;1;1;3;3;1;1;3;1;21;14;3;1,03525
3246;1;98;1;2;;2;1;6;1;6;1;8;1;7;1;6;2;1;2;1;1;1;1;2;3;3;1;16;16;3;0,98438
3252;1;1;1;98;5;98;1;1;1;1;1;6;1;6;1;0;2;1;96;2;1;2;3;2;3;5;6;13;13;3;0,97758
3253;1;1;1;11;;11;1;1;1;3;1;7;1;5;1;0;2;1;2;2;1;1;4;2;2;5;1;12;12;2;0,97777
3254;1;1;1;4;;4;1;5;1;8;1;2;1;0;1;3;4;2;2;1;1;3;3;1;2;5;1;1;1;2;1,01368
3269;1;2;1;2;;2;1;6;1;6;1;8;1;5;1;5;2;2;1;2;1;1;1;1;4;2;6;21;11;2;0,93958
3271;1;1;1;2;;5;1;0;1;0;1;10;1;8;1;0;2;1;2;2;1;1;3;1;3;4;6;13;13;4;0,91411
3282;1;2;1;98;98;4;1;5;1;7;1;2;1;1;1;5;98;98;2;1;1;3;2;1;2;3;1;21;14;3;1,04026
3294;1;1;1;2;;2;1;5;1;5;1;9;1;7;1;0;2;1;2;2;1;1;3;2;4;5;6;1;1;2;0,97768
3295;1;1;1;2;;2;1;0;1;0;1;8;1;3;1;0;2;1;2;2;1;2;3;1;3;2;5;10;10;1;1,07214
3296;1;1;1;2;;2;1;5;1;5;1;9;1;7;1;3;2;1;2;2;1;1;3;1;4;5;6;1;1;2;0,94316
3298;1;2;2;4;;97;1;5;1;7;1;3;1;3;1;3;4;2;1;1;98;4;3;2;2;5;1;13;13;1;1,12637
3300;1;3;1;98;5;5;1;1;1;3;1;6;1;4;1;0;2;1;2;2;2;2;3;1;1;2;1;13;13;4;0,99471
3313;1;1;1;2;;97;1;0;1;3;1;5;1;4;1;0;2;98;2;2;1;2;2;1;3;5;1;21;6;3;0,95135
3314;1;2;1;1;;1;1;7;1;4;1;0;1;0;1;0;1;2;2;1;1;4;1;1;4;2;6;7;7;1;1,02079
3316;1;1;1;5;;5;1;2;1;2;1;0;1;2;2;;97;1;2;2;1;3;1;1;2;4;1;8;8;2;1,00781
3317;1;1;1;1;;1;1;8;1;5;1;0;1;3;1;7;1;2;96;1;2;4;1;2;2;5;1;13;13;4;0,99318
3322;1;1;1;2;;2;1;8;1;0;1;6;1;8;2;;2;2;2;1;1;3;3;2;4;4;1;1;1;4;0,96981
3328;1;1;1;2;;94;1;0;1;2;1;5;1;0;1;0;2;1;2;1;2;2;3;2;1;3;1;1;1;1;1,22727
3333;1;2;1;7;;7;1;5;1;0;1;5;1;5;2;;97;1;1;2;2;1;5;2;2;3;1;9;9;1;1,08186
3348;1;1;1;4;;4;1;3;1;7;1;6;1;5;1;2;4;1;2;2;1;3;3;2;2;5;1;13;13;4;0,99318
3350;1;2;1;2;;2;1;0;1;0;1;6;1;0;1;0;2;1;2;2;1;1;3;1;4;2;6;7;7;1;1,02079
3351;1;1;1;14;;1;1;8;1;4;1;0;1;0;1;10;14;2;2;1;2;5;1;1;2;3;1;21;14;2;1,00985
3352;1;2;1;2;;2;1;3;1;6;1;6;1;3;1;0;2;1;96;2;2;2;3;2;3;5;1;8;8;2;0,94914
3363;1;3;1;94;97;94;2;;1;0;1;1;1;0;1;0;2;1;1;1;1;1;3;1;3;4;1;16;16;3;0,95589
3369;1;2;1;1;;1;1;10;1;6;1;2;1;4;1;4;1;2;96;2;1;5;1;1;3;4;1;8;8;1;1,0369
3370;1;2;3;4;;98;1;7;1;7;1;6;1;0;1;98;4;2;1;1;2;2;1;2;3;4;1;1;1;1;1,07404
3379;1;1;1;1;;1;1;6;1;6;1;2;1;2;1;6;95;2;2;1;1;4;98;1;3;5;1;13;13;4;0,91411
3380;1;1;1;99;2;2;1;4;1;8;1;5;1;4;1;0;4;1;96;2;1;3;3;2;3;3;1;9;9;2;0,91145
3392;1;1;3;98;97;95;1;3;1;7;1;7;1;5;1;5;97;99;98;2;2;3;3;1;1;4;1;13;13;4;0,99471
3393;1;2;1;14;;1;1;5;1;5;1;0;1;3;1;7;1;2;2;1;1;5;3;1;1;4;1;12;12;1;1,10176
3395;1;1;1;98;6;98;1;0;1;4;1;5;1;6;1;1;2;1;96;2;2;4;4;1;4;5;6;9;9;3;0,92758
3400;1;3;3;98;2;2;2;;1;98;1;10;1;0;2;;2;2;2;1;2;1;5;2;3;2;1;8;8;1;1,06781
3401;1;2;4;97;97;97;1;3;1;3;1;6;1;4;1;3;2;1;2;2;1;1;5;1;4;3;6;9;9;1;1,01303
3409;1;1;1;1;;1;1;9;1;8;1;0;1;0;1;8;1;2;2;1;1;5;3;1;2;2;5;9;9;3;0,99698
3416;1;1;1;13;;13;1;3;1;2;1;3;1;6;1;3;5;1;1;2;2;1;4;2;1;4;8;10;10;4;1,11237
3431;1;1;1;2;;2;1;3;1;3;1;10;1;5;1;2;2;1;1;2;2;1;1;2;4;3;6;12;12;1;1,06778
3436;1;4;1;7;;7;1;2;1;1;1;4;1;7;1;0;97;1;1;2;2;1;5;1;2;5;1;9;9;4;0,96004
3442;1;1;1;14;;1;1;8;1;7;1;0;1;0;1;10;14;2;2;1;1;4;2;1;3;3;1;10;10;3;0,98169
3445;1;1;1;5;;5;1;1;1;3;1;5;1;7;1;0;5;1;2;2;1;1;1;2;4;5;6;13;13;4;0,96404
3450;1;1;1;98;11;11;1;4;1;4;1;4;1;4;1;0;97;1;96;98;1;1;3;1;4;2;1;12;12;3;0,94317
3451;1;1;1;14;;1;1;6;1;5;1;0;1;0;1;5;1;2;2;1;1;4;3;1;3;2;1;21;4;1;1,03903
3455;1;2;1;98;97;5;1;3;1;3;1;3;1;5;1;3;97;1;98;2;98;1;98;1;3;3;5;8;8;3;0,94944
3458;1;2;3;98;97;96;1;6;1;6;1;6;1;6;2;;4;2;2;1;2;4;3;1;3;5;5;1;1;1;1,04298
3459;1;1;1;4;;4;1;0;1;8;1;0;1;0;1;8;4;2;2;1;98;4;1;1;2;5;1;21;14;3;1,04026
3460;1;2;1;98;1;4;1;6;1;5;1;1;1;1;1;4;98;2;1;1;2;4;1;1;2;3;1;7;7;1;1,09713
3466;1;2;1;98;13;13;1;6;1;8;1;5;1;7;2;;98;1;98;1;98;1;1;2;3;2;6;10;10;2;0,98138
3467;1;1;1;14;;4;1;4;1;7;1;0;1;2;1;6;4;2;2;1;1;4;1;1;2;5;1;1;1;1;1,14043
3478;1;1;1;14;;2;2;;1;0;1;0;1;0;1;10;14;2;99;99;1;99;1;1;3;5;1;13;13;4;0,91411
3490;1;1;1;98;98;11;1;1;1;3;1;8;1;6;1;0;2;1;96;2;2;2;4;1;2;5;1;12;12;2;0,98408
3498;1;2;1;1;;4;1;4;1;6;1;5;1;2;1;4;1;1;2;1;1;98;2;1;3;2;1;10;10;2;0,953
3500;1;2;1;98;14;2;1;5;1;3;1;3;1;4;1;2;1;2;2;1;1;3;5;1;4;2;1;1;1;1;1,06106
3504;1;4;1;98;97;2;1;0;1;0;1;0;1;0;1;0;97;98;98;1;2;98;1;2;4;2;1;7;7;1;1,05817
3506;1;3;1;4;;4;1;6;1;8;1;6;1;5;1;5;4;2;96;2;1;3;1;1;4;4;6;13;13;4;0,92997
3509;1;2;1;2;;1;1;3;1;4;1;5;1;5;1;6;2;1;2;1;98;5;5;1;3;2;5;1;1;2;0,92706
3511;1;1;1;98;98;5;1;0;1;1;1;3;1;6;1;0;97;1;96;2;1;1;3;1;2;3;1;13;13;4;0,99956
3516;1;1;1;2;;2;1;2;1;5;1;7;1;5;1;0;2;1;1;2;1;2;1;2;4;3;6;13;13;4;0,96404
3518;1;1;1;2;;8;1;2;1;4;1;7;1;5;1;1;2;1;2;2;1;2;1;1;4;3;6;9;9;4;0,89323
3529;1;1;1;1;;1;1;8;1;3;1;2;1;3;1;2;1;2;2;1;1;4;3;1;3;5;1;13;13;4;0,91411
3540;1;2;1;2;;2;1;7;1;3;1;10;1;0;1;5;2;1;2;2;1;1;1;2;4;4;6;5;5;3;1,02368
3541;1;3;3;97;97;97;1;0;1;0;1;2;1;0;2;;97;1;96;2;2;2;4;1;2;4;1;16;16;3;1,04522
3545;1;98;1;2;;2;1;0;1;2;1;4;1;3;1;1;97;98;2;98;98;98;3;2;3;2;5;12;12;2;0,92677
3552;1;1;1;4;;2;1;0;1;6;1;4;1;0;2;;4;1;2;2;1;1;98;2;2;4;1;21;2;1;1,12885
3558;1;1;1;2;;2;1;2;1;5;1;6;1;4;1;1;2;1;2;2;1;2;3;1;2;5;1;13;13;3;1,03801
3575;1;4;4;97;97;97;2;;2;;1;0;2;;2;;97;98;96;98;98;98;4;2;4;1;6;1;1;3;1,00713
3579;1;2;1;5;;97;1;4;1;5;1;0;1;5;1;3;5;2;2;1;1;1;1;2;4;5;6;21;4;3;1,00332
3590;1;1;1;4;;4;1;5;1;10;1;0;1;0;1;1;4;2;99;1;1;4;3;2;4;3;7;1;1;2;0,97768
3594;1;1;1;95;;5;1;2;1;4;1;5;1;5;1;1;97;1;2;2;1;1;1;2;4;5;6;13;13;2;0,97185
3599;1;3;1;4;;2;1;5;1;6;1;5;1;8;2;;5;98;2;2;2;1;1;2;2;3;5;10;10;2;1,03536
3605;1;2;1;96;97;96;1;0;1;2;1;3;1;0;1;0;97;98;96;98;1;3;1;1;3;5;1;13;13;2;0,92153
3612;1;2;1;99;99;99;1;5;1;98;1;5;1;5;2;;99;1;99;99;98;99;1;2;2;1;7;21;14;3;1,03361
3614;1;1;1;98;98;1;1;5;1;5;1;0;1;4;1;98;1;2;96;2;1;4;3;1;4;5;1;21;2;1;1,05705
3616;1;1;1;5;;5;1;3;1;4;1;9;1;10;1;3;5;1;2;2;1;1;3;1;2;5;1;8;8;2;1,00781
3639;1;1;1;5;;5;1;0;1;0;1;7;1;9;1;0;5;1;96;2;2;1;5;1;3;5;5;5;5;3;0,97069
3651;1;1;1;98;4;4;1;6;1;8;1;2;1;0;1;7;4;98;96;1;2;5;1;1;1;3;1;21;2;2;1,00496
3652;1;98;98;98;97;97;2;;2;;1;4;2;;2;;98;1;96;2;1;99;3;2;4;2;6;9;9;1;1,05012
3654;1;2;2;4;;4;1;5;1;8;1;0;1;3;1;0;4;2;96;1;1;98;3;2;4;2;6;10;10;2;1,00501
3660;1;2;1;99;99;99;1;6;1;6;1;7;1;5;1;3;99;1;2;2;1;3;3;1;3;5;1;9;9;4;0,87798
3663;1;1;1;99;99;94;1;2;1;5;1;2;1;2;1;2;97;2;2;1;1;3;3;1;2;5;1;5;5;3;1,06139
3667;1;1;1;99;99;99;1;3;1;4;1;7;1;6;1;4;97;1;96;2;2;1;3;2;3;5;1;9;9;2;0,91145
3671;1;3;1;96;97;7;1;0;1;0;1;5;1;6;1;0;5;1;1;2;2;1;3;2;4;5;6;9;9;2;0,93342
3677;1;4;2;14;;97;1;8;1;1;1;0;1;0;1;10;14;2;1;1;1;98;1;2;3;3;7;16;16;3;0,98438
3681;1;1;1;2;;7;1;7;1;7;1;9;1;8;1;6;2;1;96;2;1;2;3;1;4;5;6;9;9;3;0,92758
3684;1;1;1;7;;7;1;0;1;2;1;5;1;5;1;0;2;1;1;2;2;1;4;1;4;5;1;9;9;3;0,92758
3687;1;1;1;7;;98;1;0;1;3;1;5;1;5;1;0;98;1;1;2;2;1;3;1;4;4;6;9;9;1;1,01303
3688;1;1;1;8;;8;1;3;1;5;1;5;1;5;1;0;97;1;96;2;2;2;3;1;2;2;1;9;9;4;0,96004
3689;1;2;1;1;;1;1;8;1;5;1;4;1;0;1;6;1;2;2;2;1;4;4;2;4;5;6;21;2;2;0,97399
3711;1;2;1;7;;7;1;1;1;1;1;5;1;7;1;0;97;1;1;2;2;1;98;1;3;4;1;9;9;2;0,8851
3714;1;2;1;7;;7;1;2;1;2;1;7;1;6;1;98;2;1;2;2;1;1;4;2;4;5;6;9;9;3;0,96154
3715;1;1;1;14;;1;1;5;1;4;1;0;1;0;1;8;14;2;96;1;1;4;3;2;3;4;5;9;9;2;0,91145
3723;1;1;1;2;;2;1;3;1;5;1;9;1;5;1;1;2;1;2;2;1;1;1;2;4;2;6;21;3;1;1,09576
3725;1;1;3;98;98;99;1;0;1;0;1;6;1;4;1;0;95;1;96;2;2;2;3;1;4;3;6;9;9;3;0,92758
3728;1;2;1;4;;2;1;3;1;6;1;3;1;1;1;1;4;1;2;2;1;2;3;1;3;4;6;9;9;2;0,8851
3752;1;2;1;99;98;98;1;98;1;98;1;0;1;98;1;98;98;2;2;1;98;98;3;2;4;2;7;21;3;1;1,09576
3756;1;2;1;2;;6;1;0;1;0;1;10;1;8;1;7;2;1;2;1;1;1;3;1;3;2;1;9;9;1;0,99576
3763;1;1;1;2;;7;1;6;1;3;1;8;1;7;1;6;2;1;1;2;2;1;4;1;3;4;1;9;9;2;0,8851
3764;1;1;1;99;99;99;1;10;1;10;1;10;1;10;1;10;98;1;2;2;1;98;1;2;3;4;1;5;5;2;0,97037
3784;1;2;1;7;;7;1;0;1;0;1;3;1;4;1;0;97;1;1;2;2;4;5;2;4;3;1;9;9;1;1,05012
3788;1;2;3;5;;5;1;5;1;5;1;6;1;8;2;;5;2;2;1;1;2;3;2;3;4;5;21;3;3;0,97972
3797;1;2;1;2;;97;2;;1;5;1;7;1;5;2;;2;1;2;2;2;3;1;2;2;5;1;21;4;3;1,03361
3808;1;1;1;4;;5;1;0;1;5;1;4;1;3;1;0;4;2;2;2;1;2;1;1;2;4;1;13;13;3;1,03801
3811;1;4;1;98;98;7;2;;1;10;1;8;1;5;1;0;95;1;1;2;2;98;5;1;4;4;1;16;16;2;0,94404
3830;1;1;1;99;99;99;1;0;1;0;1;4;1;4;1;0;2;1;2;2;2;1;3;2;1;5;1;7;7;1;1,18069
3836;1;1;1;2;;98;1;1;1;5;1;7;1;7;1;1;2;98;2;1;2;1;3;2;1;5;1;1;1;4;1,08211
3844;1;2;1;5;;5;1;1;1;2;1;4;1;4;1;0;2;1;2;2;1;1;1;1;3;3;1;21;14;2;0,92354
3853;1;1;1;2;;8;1;2;1;7;1;7;1;4;1;5;4;1;2;1;1;1;3;1;2;5;1;9;9;4;0,96004
3858;1;1;1;1;;1;1;8;1;8;1;1;1;1;1;8;1;2;96;1;1;4;1;2;2;5;1;1;1;3;1,03754
3869;1;1;1;7;;6;1;0;1;0;1;6;1;6;1;0;5;1;1;2;2;2;5;2;4;4;6;9;9;2;0,93342
3871;1;2;1;1;;4;1;6;1;8;1;4;1;3;1;98;4;2;2;1;1;5;3;1;4;3;6;10;10;3;0,99872
3879;1;4;3;97;5;5;1;0;1;4;1;7;1;5;1;0;5;1;1;2;2;1;5;1;1;4;1;21;15;1;1,13063
3880;1;99;1;99;99;99;1;98;1;0;1;0;1;0;2;;97;2;2;1;2;99;1;2;3;4;5;21;6;3;0,97972
3888;1;4;1;96;97;98;1;0;1;0;1;0;1;0;1;0;97;2;2;2;1;3;3;1;4;1;5;1;1;2;0,94316
3892;1;1;1;4;;4;1;7;1;10;1;5;1;3;1;5;4;2;2;1;1;4;3;2;3;4;1;7;7;1;1,03326
3901;1;2;1;14;;1;1;5;1;6;1;5;1;0;1;8;14;2;2;1;2;3;1;1;3;2;1;8;8;2;0,92168
3902;1;4;1;14;;97;2;;2;;1;10;1;0;2;;2;2;2;2;1;1;5;1;1;2;1;1;1;3;1,03917
3905;1;2;2;98;97;98;1;4;1;5;1;0;1;0;1;3;4;2;2;1;1;98;3;2;4;2;6;7;7;3;0,96891
3926;1;3;2;2;;2;1;4;1;3;1;4;1;4;2;;2;1;2;1;2;2;3;2;2;3;5;8;8;2;1,00136
3931;1;1;1;1;;1;1;8;1;7;1;2;1;1;1;5;1;1;2;1;1;4;1;2;4;4;6;1;1;4;0,96981
3946;1;2;1;1;;1;1;10;1;10;1;0;1;3;1;9;1;2;96;1;2;4;3;2;3;3;7;1;1;1;1,07404
3957;1;1;1;2;;5;1;2;1;2;1;7;1;4;1;0;2;1;2;2;1;1;1;1;2;3;1;1;1;2;1,01368
3963;1;1;1;98;98;1;1;5;1;3;1;0;1;0;1;8;14;2;2;2;1;4;1;1;2;4;1;1;1;2;1,01368
3966;1;2;1;99;97;2;2;;1;5;1;8;1;6;1;8;97;98;2;1;98;98;3;1;4;5;6;21;11;2;0,93958
3978;1;2;1;5;;5;1;0;1;1;1;7;1;4;1;0;2;1;2;2;2;1;3;2;4;5;1;1;1;2;0,97768
3983;1;1;1;2;;2;1;1;1;3;1;6;1;7;1;1;2;1;1;2;2;3;3;1;3;5;1;9;9;3;0,91175
3989;1;4;4;97;97;2;1;0;1;0;1;0;1;0;1;0;97;1;2;1;1;2;3;1;2;5;5;12;12;2;0,98408
3994;1;3;1;14;;1;1;6;1;10;1;0;1;0;1;5;4;2;2;1;1;99;3;1;4;3;6;1;1;2;0,94316
3995;1;1;1;4;;4;1;7;1;10;1;5;1;1;1;3;4;2;2;1;2;3;3;1;2;5;1;1;1;1;1,14043
4015;1;2;1;14;;1;1;7;1;2;1;0;1;0;1;10;14;2;2;1;1;5;1;1;3;5;1;10;10;1;1,07214
4017;1;2;2;98;98;4;1;1;1;6;1;3;1;6;1;1;4;1;1;2;2;3;4;1;3;5;1;10;10;4;0,94532
4032;1;1;1;2;;2;1;0;1;0;1;7;1;3;1;0;2;2;2;2;1;1;3;2;2;5;1;10;10;4;1,02703
4036;1;1;1;11;;11;1;2;1;2;1;6;1;5;1;0;97;1;96;2;1;1;4;2;1;5;8;12;12;3;1,0909
4059;1;3;1;1;;1;1;7;1;6;1;3;1;2;1;3;1;2;1;1;1;4;3;1;2;3;1;21;11;2;1,00985
4069;1;1;4;97;1;97;1;98;1;8;1;0;1;4;1;98;4;98;2;1;2;4;1;2;1;2;7;21;6;2;1,08674
4072;1;1;1;7;;7;1;0;1;0;1;0;1;1;1;0;97;1;1;2;2;1;5;1;4;5;6;9;9;3;0,92758
4075;1;2;1;4;;4;1;5;1;9;1;1;1;0;1;5;4;98;98;1;2;5;1;2;2;3;1;13;13;3;1,03136
4085;1;4;1;2;;2;1;1;1;4;1;7;1;3;1;2;97;2;2;2;1;1;1;1;4;2;6;8;8;1;1,05491
4086;1;1;1;4;;2;1;5;1;8;1;7;1;5;1;3;4;1;2;2;1;2;3;1;1;3;1;10;10;2;1,037
4097;1;2;1;2;;2;1;99;1;99;1;99;1;99;1;99;2;2;99;98;1;1;1;1;2;1;5;1;1;2;1,01368
4101;1;1;1;2;;2;1;5;1;5;1;9;1;8;1;0;2;1;1;2;1;2;3;1;4;2;6;1;1;2;0,94316
4113;1;4;3;97;1;1;1;8;1;7;1;0;1;0;1;0;4;2;96;1;2;4;3;1;3;2;1;1;1;4;0,91961
4115;1;1;1;8;;8;1;0;1;0;1;7;1;7;1;0;2;1;96;1;1;1;3;1;4;3;1;9;9;2;0,90047
4126;1;2;2;1;;97;2;;1;7;1;6;1;5;2;;4;2;2;98;1;2;1;1;1;2;8;21;4;3;1,03525
4129;1;1;1;14;;1;1;8;1;1;1;0;1;0;1;10;14;2;1;1;1;5;2;2;3;3;7;21;4;2;0,95107
4142;1;1;1;4;;4;1;6;1;8;1;5;1;3;1;7;4;1;2;2;1;2;3;1;3;5;1;9;9;2;0,8851
4146;1;2;1;1;;1;1;6;1;6;1;3;1;4;1;98;1;2;2;2;1;3;3;1;3;4;1;21;15;1;1,03903
4147;1;3;2;95;;4;1;2;1;6;1;1;1;1;2;;4;2;2;1;1;3;3;2;1;5;1;21;17;3;1,1195
4155;1;2;1;14;;1;1;8;1;7;1;3;1;2;1;9;1;2;2;1;2;5;1;1;2;2;1;1;1;2;1,01368
4175;1;1;1;1;;1;1;10;1;8;1;5;1;3;1;98;1;2;2;2;1;5;1;2;4;3;7;12;12;2;0,94911
4180;1;1;1;95;;94;1;1;1;1;1;5;1;7;1;0;5;1;2;2;1;1;98;1;4;5;6;1;1;2;0,94316
4192;1;1;1;98;1;1;1;10;1;8;1;0;1;0;1;10;1;2;2;2;1;5;2;2;4;3;7;13;13;4;0,96404
4198;1;98;3;98;98;2;1;98;1;8;1;0;1;0;1;98;98;1;1;98;98;3;5;2;4;1;6;8;8;1;1,09354
4203;1;3;1;94;2;2;1;6;1;6;1;8;1;3;1;4;2;1;2;1;2;2;3;1;1;2;5;7;7;1;1,09184
4213;1;1;1;2;;2;1;3;1;4;1;9;1;0;1;1;2;1;2;1;1;1;1;1;3;5;5;1;1;2;0,92706
4215;1;1;1;14;;2;1;3;1;6;1;5;1;4;1;5;4;2;2;2;1;1;3;1;4;5;1;12;12;2;0,91559
4216;1;2;1;4;;1;1;6;1;8;1;5;1;4;1;5;4;1;2;1;1;2;3;2;4;5;1;21;11;2;0,97399
4219;1;2;1;1;;1;1;6;1;5;1;2;1;1;1;2;1;2;2;1;1;3;3;1;4;3;6;13;13;4;0,92997
4224;1;1;1;2;;2;1;6;1;6;1;8;1;5;1;5;2;1;2;1;2;98;3;2;3;4;1;1;1;2;0,95469
4232;1;1;1;2;;2;1;0;1;3;1;9;1;0;1;0;2;1;2;2;1;1;2;2;4;1;6;13;13;4;0,96404
4247;1;1;1;13;;13;1;1;1;2;1;7;1;5;1;0;2;1;2;2;98;1;3;1;4;5;1;10;10;2;0,96954
4313;1;2;1;94;97;2;1;5;1;3;1;7;1;4;1;0;2;1;96;98;98;98;1;2;3;2;5;10;10;3;1,01095
4331;1;98;1;2;;2;1;0;1;0;1;10;1;10;1;0;2;1;2;1;98;98;5;2;4;2;7;21;11;2;0,97399
4337;1;1;1;14;;4;1;6;1;4;1;2;1;6;1;6;1;2;1;1;1;4;3;1;1;3;8;13;13;3;1,033
4341;1;1;1;1;;1;1;10;1;7;1;5;1;3;1;1;1;2;2;2;1;4;2;2;4;2;6;13;13;4;0,96404
4344;1;4;4;97;2;2;1;0;1;3;1;9;1;7;1;0;2;1;96;2;2;1;3;2;4;2;6;7;7;1;1,05817
4372;1;2;2;98;11;95;1;0;1;5;1;5;1;5;1;0;2;1;96;1;98;1;4;2;1;5;5;12;12;2;1,05899
4373;1;98;1;99;99;2;1;0;1;0;1;10;1;6;1;0;2;98;2;98;98;1;3;2;4;1;6;7;7;1;1,05817
4376;1;2;1;2;;97;1;3;1;4;1;10;1;7;1;0;2;1;96;2;1;2;1;1;4;2;6;10;10;2;0,96954
4378;1;2;1;99;4;4;2;;1;8;1;5;1;0;1;6;4;99;96;99;99;99;3;2;3;2;1;1;1;2;0,95469
4404;1;1;1;2;;2;1;4;1;2;1;6;1;5;2;;2;1;96;2;1;2;98;2;3;3;1;13;13;4;0,94134
4408;1;2;1;1;;1;1;8;1;5;1;0;1;0;1;7;1;2;2;1;1;4;3;2;4;5;7;1;1;3;1,00713
4417;1;2;1;7;;6;1;2;1;2;1;6;1;5;1;1;5;1;99;2;2;2;5;1;4;2;6;9;9;3;0,92758
4421;1;2;1;95;;2;1;3;1;4;1;6;1;4;1;2;97;1;96;98;1;3;3;2;4;4;6;9;9;3;0,96154
4424;1;1;1;7;;7;1;0;1;0;1;0;1;3;1;3;97;1;1;2;2;2;5;2;2;5;1;9;9;2;0,96163
4437;1;1;1;98;5;5;1;2;1;2;1;8;1;8;1;0;2;1;98;2;1;1;3;1;4;4;6;13;13;4;0,92997
4438;1;2;1;1;;4;1;7;1;6;1;1;1;1;1;5;1;2;1;1;1;2;3;1;4;5;6;1;1;2;0,94316
4445;1;1;1;5;;5;1;1;1;2;1;6;1;9;1;1;5;1;96;2;2;1;3;1;1;4;8;21;4;3;1,03525
4450;1;1;1;98;2;97;1;2;1;3;1;6;1;3;1;0;2;1;2;2;1;1;4;1;4;3;6;1;1;3;0,97157
4472;1;2;1;7;;7;1;0;1;0;1;3;1;3;1;3;97;1;1;2;2;1;4;2;4;3;7;9;9;2;0,93342
4479;1;2;1;2;;5;1;98;1;0;1;8;1;8;1;98;2;1;2;2;1;2;1;1;4;2;5;21;14;2;0,93958
4524;1;1;1;2;;5;1;0;1;5;1;9;1;6;1;0;2;1;96;2;1;1;1;1;4;2;6;21;2;4;0,93203
4530;1;1;1;98;4;2;1;4;1;6;1;6;1;3;1;2;4;2;96;2;1;3;3;2;4;1;6;13;13;3;1,00115
4531;1;1;2;1;;1;1;8;1;5;1;0;1;0;1;4;1;2;98;1;1;5;3;2;3;2;6;21;11;3;0,97972
4546;1;2;1;99;99;1;1;8;1;8;1;4;1;0;1;5;98;2;2;1;1;4;3;2;4;3;6;16;16;3;1,00808
4551;1;1;1;4;;1;1;6;1;10;1;5;1;4;1;0;4;2;2;1;1;2;3;1;4;3;6;12;12;2;0,91559
4557;1;1;1;1;;1;1;10;1;8;1;0;1;0;1;6;1;2;96;1;1;5;3;2;4;2;6;1;1;3;1,00713
4565;1;1;1;1;;1;1;8;1;5;1;0;1;0;1;98;1;2;96;1;1;5;3;1;4;5;6;21;14;3;0,96788
4572;1;99;1;99;97;99;1;0;1;99;1;99;1;0;1;99;97;99;2;1;98;98;4;2;4;2;6;1;1;2;0,97768
4575;1;2;1;7;;7;1;0;1;2;1;5;1;4;1;0;97;1;1;2;2;2;5;2;3;3;7;9;9;2;0,91145
4579;1;1;1;2;;2;1;0;1;3;1;7;1;6;1;0;2;1;2;2;1;2;3;2;4;1;7;1;1;3;1,00713
4592;1;1;1;99;98;2;1;6;1;6;1;5;1;0;1;5;98;2;2;1;1;3;2;2;4;2;7;7;7;3;0,96891
4607;1;2;1;2;;2;1;3;1;3;1;8;1;5;1;7;2;1;1;2;2;1;3;2;2;2;1;9;9;1;1,08186
4617;1;2;1;13;;97;1;0;1;0;1;0;1;3;1;0;5;1;1;2;2;1;5;1;1;3;8;10;10;3;1,06823
4620;1;2;1;2;;2;1;4;1;6;1;9;1;4;2;;2;1;2;2;1;1;3;2;3;5;5;13;13;2;0,94898
4623;1;3;1;2;;2;1;0;1;0;1;10;1;8;1;0;2;1;2;2;2;1;3;2;4;1;6;21;14;3;1,00332
4628;1;1;1;2;;2;2;;1;2;1;10;1;8;2;;2;98;96;98;98;1;3;1;4;2;6;1;1;2;0,94316
4635;1;2;1;2;;2;1;0;1;0;1;10;1;7;1;0;2;98;2;2;98;1;3;2;4;1;6;12;12;1;1,06778
4637;1;1;1;98;98;1;1;10;1;10;1;3;1;5;1;10;1;1;2;1;1;5;3;2;4;2;7;12;12;2;0,94911
4650;1;1;1;14;;1;1;1;1;5;1;0;1;5;1;98;97;2;1;1;2;3;3;2;4;2;7;1;1;1;1,09993
4655;1;2;98;99;97;99;1;98;1;98;1;98;1;4;1;98;97;2;98;2;1;98;1;1;3;2;5;21;14;3;0,95135
4663;1;4;4;97;97;97;1;99;1;99;1;99;1;99;1;99;97;98;96;98;1;1;98;1;3;5;1;13;13;4;0,91411
4664;1;1;1;2;;2;1;0;1;0;1;8;1;5;1;0;2;1;96;2;1;1;3;1;4;5;1;21;4;2;0,93958
4689;1;2;3;14;;1;1;6;1;4;1;0;1;0;1;10;14;2;96;1;1;5;1;1;4;5;6;21;14;3;0,96788
4712;1;1;1;14;;14;1;8;1;4;1;0;1;0;1;10;14;2;96;1;2;5;3;2;3;5;5;1;1;4;0,947
4725;1;1;1;99;98;6;1;4;1;3;1;2;1;5;1;5;4;1;1;2;1;3;98;2;2;2;1;9;9;2;0,96163
4735;1;1;1;11;;11;1;0;1;2;1;6;1;8;1;0;5;1;98;2;2;1;3;1;4;5;1;12;12;2;0,91559
4761;1;4;4;97;97;97;1;0;1;0;1;0;1;0;1;0;97;1;98;98;1;98;3;1;3;2;5;7;7;3;0,91873
4782;1;1;1;5;;5;1;4;1;5;1;7;1;5;1;0;2;2;2;2;98;2;1;2;2;4;1;1;1;1;1,13315
4786;1;1;1;2;;97;1;0;1;0;1;9;1;8;2;;2;98;2;1;1;2;3;2;4;4;6;9;9;1;1,05012
4802;1;1;1;14;;1;1;6;1;5;1;0;1;0;1;7;1;2;96;1;1;99;1;1;4;5;6;13;13;2;0,93751
4806;1;3;1;2;;2;1;5;1;3;1;7;1;8;1;5;2;1;96;1;1;1;3;2;2;5;1;9;9;2;0,96163
4809;1;1;1;2;;2;1;2;1;0;1;9;1;8;1;0;2;1;1;98;1;1;1;1;4;5;6;21;3;2;0,93958
4820;1;1;1;2;;2;1;4;1;2;1;8;1;4;1;2;2;1;2;2;1;1;3;2;3;5;1;21;3;3;0,97972
4824;1;1;1;10;;98;1;0;1;0;1;1;1;2;1;0;97;1;96;2;2;1;98;2;1;5;8;21;15;1;1,22262
4834;1;1;1;2;;2;1;2;1;4;1;8;1;5;1;0;2;1;2;2;1;1;3;1;4;2;6;21;2;4;0,93203
4837;1;1;1;1;;1;1;7;1;7;1;3;1;5;1;6;1;2;96;1;1;4;3;2;4;2;7;12;12;2;0,94911
4849;1;1;1;7;;7;1;0;1;0;1;4;1;4;1;0;2;1;1;2;98;1;5;2;4;4;6;9;9;1;1,05012
4853;1;2;1;4;;4;1;4;1;8;1;6;1;3;1;5;4;2;2;1;1;3;1;2;3;2;6;21;14;3;0,97972
4855;1;1;1;8;;2;1;2;1;4;1;3;1;5;1;1;5;99;2;2;1;1;3;2;2;5;1;9;9;4;0,95389
4872;1;3;1;2;;2;1;0;1;0;1;6;1;4;1;0;2;1;2;1;1;1;2;2;3;4;5;13;13;3;0,97758
4878;1;2;1;7;;7;1;1;1;1;1;6;1;7;1;0;2;1;1;2;2;1;4;2;4;3;5;9;9;2;0,93342
4885;1;2;1;5;;5;1;3;1;4;1;5;1;5;1;4;2;1;1;2;1;1;3;1;1;5;8;13;13;3;1,033
4888;1;4;4;97;97;99;1;3;2;;1;3;1;3;2;;97;1;96;2;1;98;5;2;2;2;5;5;5;2;1,02374
4892;1;1;1;5;;5;1;0;1;0;1;6;1;7;1;0;5;1;1;2;2;1;98;1;4;5;5;13;13;2;0,93751
4917;1;1;1;14;;1;1;7;1;7;1;0;1;0;1;9;14;2;2;1;1;5;3;1;4;3;1;1;1;2;0,94316
4954;1;2;1;2;;1;1;0;1;4;1;8;1;6;1;3;2;1;1;2;2;2;5;2;3;4;6;9;9;2;0,91145
4958;1;1;1;2;;2;1;3;1;4;1;7;1;7;1;0;2;1;2;2;1;1;4;2;1;3;8;1;1;2;1,09088
4960;1;98;1;98;97;98;1;0;1;0;1;0;1;0;1;0;98;98;98;98;2;98;5;2;4;1;6;9;9;2;0,93342
4962;1;1;1;2;;2;1;5;1;6;1;6;1;2;1;2;4;1;2;2;1;3;3;1;1;5;1;1;1;2;1,00879
4971;1;2;1;2;;2;1;2;1;4;1;7;1;5;1;4;2;1;2;1;1;1;1;2;4;5;6;16;16;3;1,00808
4977;1;1;1;2;;2;1;0;1;0;1;10;1;4;1;0;2;1;2;2;2;1;3;2;2;5;1;9;9;2;0,96163
4980;1;98;1;10;;10;1;0;1;0;1;6;1;8;1;0;5;1;1;2;2;1;5;2;4;1;6;16;16;2;0,97862
4994;1;1;1;7;;98;1;2;1;2;1;8;1;6;1;0;2;1;1;2;2;2;4;2;3;3;1;9;9;3;0,93892
5000;1;2;1;7;;7;1;0;1;2;1;4;1;6;2;;5;1;1;2;2;1;5;2;2;5;1;9;9;2;0,96163
5003;1;1;1;2;;2;1;2;1;1;1;5;1;3;1;0;2;1;2;2;1;2;3;1;4;3;1;5;5;3;0,98751
5004;1;1;1;99;5;5;1;3;1;3;1;7;1;6;1;0;2;1;1;2;1;1;4;2;1;5;1;5;5;3;1,1422
5007;1;1;1;1;;1;1;5;1;5;1;5;1;5;1;5;1;2;96;2;98;5;3;2;2;4;1;5;5;3;1,05458
5009;1;1;1;2;;2;1;0;1;0;1;10;1;0;1;0;2;1;2;2;1;98;3;1;3;4;1;1;1;2;0,92706
5020;1;4;1;2;;2;1;98;1;5;1;10;1;8;1;1;2;1;2;2;1;1;5;2;4;2;6;13;13;3;1,00115
5026;1;2;1;1;;1;1;7;1;6;1;2;1;0;1;5;1;1;96;1;1;3;3;2;4;3;6;1;1;2;0,97768
5030;1;1;3;94;97;98;1;0;1;0;1;0;1;0;1;0;97;2;2;1;98;1;3;1;4;5;1;21;2;1;1,05705
5039;1;2;1;8;;8;1;0;1;2;1;4;1;5;1;0;5;1;96;2;2;2;4;2;2;5;1;9;9;1;1,08186
5042;1;1;1;1;;1;1;9;1;5;1;0;1;0;1;5;1;2;1;1;1;4;1;2;3;3;7;8;8;1;1,06781
5044;1;1;1;2;;2;1;5;1;5;1;7;1;5;1;5;98;1;96;2;1;1;3;2;4;5;6;9;9;4;0,92592
5046;1;1;1;7;;7;1;1;1;0;1;6;1;6;1;0;97;1;1;2;2;1;5;1;3;3;1;9;9;3;0,91175
5055;1;1;1;98;98;5;1;7;1;5;1;6;1;0;1;0;98;1;96;1;1;2;3;2;4;2;6;1;1;2;0,97768
5067;1;1;1;5;;5;1;0;1;0;1;8;1;10;1;0;5;1;2;2;2;1;5;2;4;5;6;21;3;2;0,97399
5072;1;1;1;2;;5;1;3;1;5;1;9;1;8;1;0;2;1;2;2;2;1;3;1;1;4;1;5;5;2;1,02538
5084;1;4;4;97;97;5;1;0;1;8;1;0;1;0;1;8;97;2;99;1;1;98;3;1;3;4;6;1;1;2;0,92706
5099;1;2;3;98;98;97;2;;2;;1;98;1;9;2;;2;98;1;1;1;4;1;2;3;3;7;13;13;2;0,94898
5100;1;1;1;2;;2;1;2;1;3;1;7;1;5;1;0;2;1;2;2;1;2;3;2;3;2;7;9;9;2;0,91145
5105;1;1;1;2;;2;1;2;1;3;1;4;1;2;1;1;2;1;96;2;1;1;2;1;4;5;1;13;13;3;0,96577
5108;1;98;1;98;98;99;1;3;1;3;1;3;1;3;1;3;2;1;1;2;2;3;5;2;4;2;6;9;9;2;0,93342
5113;1;2;1;7;;7;1;0;1;0;1;6;1;5;1;0;2;1;96;2;2;1;4;2;4;2;7;9;9;2;0,93342
5122;1;2;1;98;2;2;1;5;1;6;1;5;1;0;1;4;4;2;98;98;1;1;4;2;3;2;99;1;1;1;1,07404
5130;1;1;1;4;;4;1;0;1;6;1;3;1;0;1;4;4;2;2;1;1;1;1;2;3;4;1;9;9;3;0,93892
5152;1;1;1;98;1;98;1;7;1;2;1;6;1;4;2;;99;1;2;2;1;5;1;2;2;5;1;5;5;3;1,05458
5154;1;1;1;2;;4;1;4;1;7;1;7;1;5;1;3;4;1;2;2;1;2;3;1;3;3;1;1;1;1;1,04298
5162;1;2;1;5;;5;1;0;1;4;1;5;1;5;1;0;2;1;2;2;1;1;3;2;3;2;7;1;1;1;1,07404
5177;1;1;1;98;97;98;1;8;1;8;1;0;1;0;1;8;14;2;2;1;2;4;3;2;4;1;6;7;7;2;0,94056
5181;1;98;1;98;2;2;1;98;1;0;1;10;1;0;1;0;2;98;2;98;98;1;3;2;4;1;6;8;8;1;1,09354
5188;1;1;1;5;;2;1;0;1;1;1;6;1;8;1;0;5;1;2;2;1;1;1;2;3;2;5;13;13;3;0,97758
5189;1;2;1;98;98;1;1;5;1;5;1;5;1;3;1;5;4;2;2;98;1;5;2;1;4;2;6;12;12;2;0,91559
5219;1;1;1;1;;1;1;7;1;5;1;0;1;0;1;5;1;2;2;1;1;4;3;2;3;5;1;12;12;2;0,92677
5221;1;1;1;1;;95;1;6;1;6;1;8;1;4;2;;2;1;2;1;98;98;4;2;3;2;1;12;12;2;0,92677
5231;1;2;1;98;98;97;1;2;1;3;1;5;1;3;1;1;98;1;1;2;1;2;3;2;4;5;6;12;12;2;0,94911
5236;1;1;1;2;;2;1;98;1;98;1;98;1;98;2;;2;98;98;2;98;98;1;2;4;1;6;1;1;1;1,09993
5253;1;1;1;5;;5;1;0;1;0;1;0;1;10;1;8;5;2;2;1;2;1;5;2;4;1;6;1;1;1;1,09993
5282;1;1;1;99;99;99;1;98;1;6;1;0;1;0;2;;98;2;2;1;1;98;3;2;4;2;6;12;12;2;0,94911
5284;1;1;1;2;;2;1;4;1;4;1;7;1;6;2;;2;1;2;2;1;1;1;2;4;2;1;7;7;2;0,94056
5305;1;2;1;1;;1;1;10;1;7;1;0;1;0;1;7;1;2;96;1;2;5;3;2;4;3;6;21;11;1;1,09576
5308;1;1;1;4;;4;1;4;1;8;1;6;1;0;1;5;4;1;2;1;98;4;3;2;1;3;8;1;1;4;1,08211
5315;1;1;1;7;;6;1;0;1;0;1;5;1;5;1;0;2;1;1;2;2;2;5;2;3;5;1;9;9;1;1,02542
5322;1;2;1;99;99;99;1;1;1;2;1;5;1;8;1;8;2;1;96;2;2;1;5;2;4;5;6;9;9;2;0,93342
5324;1;1;1;1;;1;1;9;1;6;1;3;1;2;1;8;1;2;98;1;1;5;3;1;4;5;6;12;12;1;1,03008
5328;1;2;1;2;;2;1;98;1;2;1;98;1;1;2;;2;98;98;98;1;1;5;2;4;2;6;12;12;1;1,06778
5331;1;1;1;7;;6;1;0;1;0;1;6;1;5;1;0;2;98;1;2;2;2;4;2;4;5;6;9;9;4;0,92592
5336;1;2;1;14;;1;1;6;1;4;1;0;1;0;1;6;1;2;1;1;2;5;3;2;4;3;6;16;16;2;0,97862
5338;1;2;1;7;;7;1;0;1;0;1;5;1;0;1;0;97;1;1;2;2;1;5;1;3;4;1;9;9;1;0,99576
5366;1;1;1;2;;2;1;0;1;1;1;9;1;7;1;0;2;1;96;1;1;1;3;1;1;5;8;1;1;1;1,13494
5379;1;1;1;98;5;5;1;0;1;2;1;3;1;6;1;0;5;1;96;2;2;1;4;2;1;5;8;5;5;2;1,1088
5395;1;1;1;98;5;5;1;0;1;0;1;6;1;8;1;0;5;1;2;2;2;1;4;2;3;2;5;21;15;3;0,97972
5409;1;3;1;98;4;4;1;5;1;6;1;3;1;0;1;5;4;98;98;1;98;98;1;2;3;2;1;13;13;3;0,97758
5415;1;4;1;4;;4;1;5;1;6;1;5;1;5;1;4;4;98;96;2;1;2;98;2;4;3;7;13;13;2;0,97185
5422;1;1;1;98;4;4;1;6;1;7;1;4;1;1;1;1;4;2;2;1;2;3;3;2;3;2;5;1;1;3;0,98345
5432;1;2;1;1;;1;1;7;1;7;1;2;1;1;1;4;4;99;2;1;1;5;3;2;4;3;7;9;9;2;0,93342
5435;1;1;1;2;;2;1;2;1;3;1;7;1;6;1;1;2;1;2;2;1;1;3;2;4;2;6;1;1;2;0,97768
5442;1;1;1;98;99;97;1;4;1;4;1;3;1;4;1;3;98;99;2;98;1;3;1;1;3;5;1;21;3;3;0,95135
5451;1;1;3;13;;13;1;0;1;0;1;3;1;7;1;0;5;1;1;2;2;1;98;2;1;2;1;10;10;2;1,12136
5456;1;1;1;2;;2;1;0;1;4;1;8;1;6;1;0;2;1;2;2;1;2;3;2;4;2;6;21;3;2;0,97399
5457;1;1;1;2;;13;1;2;1;4;1;8;1;6;1;0;2;1;2;2;1;1;3;1;4;4;6;10;10;3;0,99872
5458;1;2;2;98;97;4;1;3;1;4;1;4;1;2;1;3;97;1;96;1;1;3;3;1;3;5;1;7;7;2;0,89187
5473;1;1;1;2;;2;1;3;1;3;1;7;1;5;2;;97;1;98;98;1;3;1;2;4;3;7;16;16;2;0,97862
5485;1;1;1;2;;2;1;2;1;0;1;9;1;5;1;0;2;1;2;2;1;1;3;2;4;1;6;9;9;4;0,92592
5491;1;2;1;14;;1;1;9;1;8;1;0;1;0;1;5;14;2;98;2;2;5;3;2;4;3;6;13;13;1;1,09337
5503;1;1;1;2;;2;1;2;1;4;1;8;1;4;1;0;2;1;2;2;1;1;3;1;4;2;6;10;10;4;0,96173
5514;1;4;1;99;99;8;1;99;1;99;1;99;1;99;1;99;99;1;98;98;98;99;99;2;4;5;6;9;9;2;0,93342
5523;1;1;1;99;97;4;1;4;1;4;1;4;1;3;1;4;4;1;2;1;1;2;3;2;4;4;6;1;1;2;0,97768
5528;1;1;1;2;;2;1;0;1;4;1;10;1;6;1;0;2;1;2;2;1;1;1;2;4;5;7;1;1;2;0,97768
5530;1;2;1;2;;2;1;4;1;7;1;6;1;2;2;;97;2;2;1;2;1;3;2;1;5;8;21;2;1;1,22262
5538;1;1;1;1;;1;1;10;1;8;1;2;1;0;1;6;1;2;1;1;1;3;1;2;4;2;1;1;1;2;0,97768
5541;1;1;1;1;;1;1;8;1;6;1;4;1;2;1;5;1;2;2;1;1;3;3;2;4;3;6;13;13;2;0,97185
5544;1;1;1;1;;1;1;6;1;98;1;8;1;8;2;;2;1;2;98;98;5;5;2;3;2;5;1;1;4;0,947
5555;1;3;1;99;97;96;1;4;1;4;1;0;1;4;2;;97;2;2;1;2;3;3;2;4;2;7;1;1;2;0,97768
5558;1;1;1;99;5;5;1;1;1;2;1;5;1;7;1;0;97;1;96;2;1;1;3;1;4;3;6;21;3;2;0,93958
5563;1;1;1;99;98;4;1;3;1;7;1;3;1;2;1;0;4;1;1;2;1;3;3;1;3;2;6;9;9;2;0,8851
5574;1;1;1;98;4;4;1;7;1;7;1;2;1;2;1;5;4;2;96;2;1;3;3;1;3;4;1;1;1;2;0,92706
5586;1;1;1;98;7;98;1;0;1;0;1;4;1;6;1;0;2;1;96;2;2;2;5;2;4;2;6;9;9;1;1,05012
5587;1;2;1;7;;8;1;0;1;0;1;2;1;5;1;0;5;1;1;2;2;1;4;2;2;4;1;9;9;2;0,96163
5595;1;1;1;2;;11;1;0;1;0;1;8;1;5;1;0;2;1;2;2;1;1;1;2;4;2;6;12;12;1;1,06778
5606;1;2;1;2;;5;1;1;1;2;1;5;1;4;1;0;2;1;2;2;1;1;1;2;4;5;6;13;13;2;0,97185
5625;1;1;1;2;;5;1;2;1;3;1;4;1;1;1;2;2;98;96;1;2;2;3;1;1;5;1;1;1;1;1,13494
5632;1;1;1;99;5;5;1;1;1;2;1;6;1;3;1;0;2;1;96;2;2;1;3;2;4;3;6;21;3;3;1,00332
5646;1;3;1;2;;2;1;0;1;2;1;8;1;5;1;0;2;1;2;2;2;2;1;2;4;2;6;21;4;3;1,00332
5666;1;4;1;98;97;2;1;0;1;6;1;6;1;2;2;;98;1;98;2;2;98;3;2;2;4;7;9;9;3;0,99058
5669;1;1;1;5;;2;1;0;1;0;1;6;1;5;1;0;2;1;2;2;2;1;3;2;2;5;1;13;13;2;1,00121
5670;1;4;4;97;97;1;1;4;1;6;1;1;1;0;2;;4;2;2;1;1;3;3;1;3;4;5;21;11;1;1,03903
5687;1;1;1;2;;8;1;0;1;0;1;10;1;9;1;1;2;1;2;2;2;1;3;1;3;4;1;9;9;3;0,91175
5690;1;1;1;98;97;98;1;99;1;99;1;99;1;99;1;99;97;1;96;2;98;1;98;2;3;5;1;9;9;2;0,91145
5705;1;1;1;4;;4;1;4;1;9;1;3;1;0;1;1;4;98;2;1;1;3;2;1;2;5;1;16;16;1;1,14152
5706;1;1;1;2;;2;1;0;1;1;1;5;1;2;1;0;2;1;2;2;1;1;2;2;4;3;6;1;1;4;0,96981
5710;1;2;1;98;2;2;1;5;1;4;1;5;1;3;1;5;2;1;2;2;1;98;5;1;1;2;5;5;5;3;1,05624
5712;1;1;1;5;;5;1;1;1;0;1;6;1;10;1;0;2;1;2;2;1;2;3;1;2;4;1;8;8;2;1,00781
5726;1;1;1;2;;2;1;1;1;3;1;8;1;6;1;0;2;1;2;2;1;1;3;2;4;4;6;16;16;2;0,97862
5737;1;1;1;7;;7;1;0;1;0;1;4;1;8;1;0;2;1;1;2;2;1;5;2;3;4;7;9;9;3;0,93892
5744;1;2;1;8;;8;1;3;1;3;1;5;1;7;1;0;5;1;1;2;2;1;4;1;2;4;1;9;9;4;0,96004
5746;1;2;1;98;98;98;1;1;1;2;1;5;1;4;2;;2;1;96;2;2;3;98;2;2;4;1;21;4;1;1,12885
5748;1;1;1;2;;2;1;0;1;0;1;6;1;5;1;0;2;1;1;2;1;2;1;2;4;4;6;12;12;1;1,06778
5756;1;2;1;95;;5;1;0;1;0;1;3;1;8;1;0;5;1;2;1;98;1;3;2;2;5;1;8;8;2;1,00136
5762;1;1;1;2;;2;1;2;1;0;1;10;1;6;1;0;2;1;2;2;1;2;3;2;2;3;5;5;5;2;1,02374
5766;1;1;1;4;;4;1;5;1;8;1;8;1;3;1;1;4;1;2;2;1;2;3;1;3;5;1;1;1;3;0,95498
5774;1;1;1;96;2;2;1;5;1;9;1;5;1;5;1;6;4;2;2;1;2;1;1;2;2;2;1;5;5;2;1,02374
5778;1;2;2;98;98;96;1;3;1;0;1;5;1;7;2;;96;1;98;98;1;2;3;2;1;5;5;13;13;1;1,21995
5791;1;1;1;1;;1;1;8;1;6;1;0;1;3;1;7;1;1;1;1;1;4;3;1;2;5;1;9;9;4;0,96004
5793;1;4;2;95;;5;1;0;1;0;1;0;1;5;1;0;5;1;1;2;2;1;1;1;1;2;1;8;8;3;1,03315
5796;1;1;1;98;5;5;1;3;1;5;1;6;1;7;1;2;2;1;2;2;1;2;3;2;4;2;7;21;3;2;0,97399
5809;1;2;1;98;98;98;1;5;1;6;1;5;1;5;1;3;97;1;96;98;1;3;3;2;1;3;8;5;5;3;1,1422
5822;1;1;1;2;;2;1;2;1;1;1;9;1;6;1;0;2;2;2;98;1;1;1;1;4;2;6;21;3;2;0,93958
5827;1;1;1;1;;1;1;5;1;4;1;3;1;3;1;1;1;1;96;2;1;3;3;2;4;5;6;12;12;1;1,06778
5833;1;2;1;2;;2;1;2;1;2;1;5;1;4;1;0;2;2;2;1;2;1;3;2;3;4;1;10;10;1;1,10409
5836;1;2;1;98;97;4;1;4;1;5;1;4;1;2;1;3;4;1;96;2;1;1;1;2;4;2;7;13;13;2;0,97185
5850;1;1;1;98;12;12;1;4;1;8;1;8;1;4;1;98;98;2;1;1;1;3;1;2;3;3;7;5;5;2;0,97037
5855;1;2;1;99;2;2;1;0;1;0;1;6;1;0;1;0;2;2;2;2;1;1;1;2;3;2;7;1;1;1;1,07404
5858;1;1;1;7;;7;1;2;1;2;1;5;1;5;1;0;2;1;1;2;2;1;5;1;2;4;1;9;9;4;0,96004
5862;1;1;1;14;;4;1;4;1;4;1;0;1;0;1;7;1;2;2;1;1;3;3;1;1;5;1;1;1;3;1,03917
5871;1;4;1;99;5;5;1;0;1;0;1;8;1;10;1;0;5;1;1;2;2;1;3;2;4;1;6;21;3;3;1,00332
5878;1;1;1;9;;9;1;2;1;2;1;2;1;0;1;2;97;1;2;2;1;3;3;1;3;4;1;16;16;2;0,92794
5887;1;1;1;9;;9;1;5;1;5;1;7;1;6;1;5;95;1;96;2;2;3;3;2;2;5;1;16;16;2;1,00816
5888;1;1;1;4;;4;1;1;1;8;1;3;1;3;1;6;1;2;2;1;1;2;3;2;4;5;6;5;5;3;1,02368
5890;1;3;4;97;97;97;1;1;1;1;1;1;1;3;1;1;96;1;1;2;2;1;5;1;2;5;1;9;9;2;0,96783
5893;1;1;1;2;;2;1;0;1;0;1;8;1;6;2;;2;1;1;1;1;2;1;2;3;4;1;10;10;2;0,98138
5901;1;2;1;2;;5;1;4;1;2;1;5;1;4;1;0;2;1;2;1;1;1;98;2;2;5;1;13;13;2;1,00121
5906;1;2;1;98;98;2;1;4;1;3;1;4;1;3;1;2;2;1;2;1;1;2;1;2;2;5;1;8;8;2;1,00136
5925;1;2;1;8;;95;1;1;1;2;1;4;1;7;1;1;5;1;2;2;2;2;3;1;2;4;1;9;9;3;0,99698
5928;1;1;1;98;1;1;1;8;1;8;1;3;1;2;1;4;4;2;2;1;1;3;3;2;4;5;1;13;13;2;0,97185
5930;1;1;1;2;;5;1;0;1;0;1;4;1;3;1;0;2;1;2;2;2;2;3;2;2;5;1;1;1;3;1,03754
5944;1;2;1;4;;2;1;3;1;8;1;4;1;0;1;0;4;2;2;2;1;4;3;1;2;5;1;10;10;4;1,03365
5954;1;3;1;2;;5;1;3;1;4;1;10;1;9;1;5;2;1;2;1;1;1;3;2;4;3;7;5;5;3;1,02368
5972;1;4;2;94;97;94;1;0;1;0;1;0;1;0;1;0;97;1;1;2;2;98;3;1;2;5;1;16;16;2;1,01466
5973;1;2;1;2;;2;1;0;1;3;1;10;1;8;1;0;2;1;96;2;1;1;3;2;4;2;6;5;5;1;1,118
5976;1;2;1;94;97;94;1;2;1;1;1;0;1;0;1;2;97;2;2;2;98;4;3;1;2;4;1;10;10;2;1,04202
5997;1;1;1;2;;2;1;4;1;6;1;8;1;2;2;;2;2;2;1;2;1;4;2;2;4;1;1;1;4;0,99914
6000;1;1;1;4;;4;1;6;1;10;1;2;1;1;1;7;4;2;2;1;1;4;1;1;2;3;1;9;9;3;0,99698
6003;1;1;1;14;;1;1;6;1;5;1;0;1;0;1;7;14;2;2;1;1;5;1;2;1;5;1;9;9;4;1,03312
6026;1;1;1;98;4;2;1;5;1;7;1;4;1;2;1;5;4;2;1;1;1;4;3;1;2;2;1;10;10;2;1,04202
6041;1;3;1;98;97;13;1;2;1;3;1;4;1;2;1;4;5;1;1;2;2;3;3;1;1;5;1;10;10;3;1,06823
6043;1;2;1;2;;2;1;4;1;5;1;6;1;4;1;4;2;1;2;1;1;2;4;2;1;5;8;1;1;1;1,22727
6048;1;1;1;1;;1;1;10;1;8;1;0;1;0;1;4;1;1;2;2;1;5;1;1;3;3;6;7;7;2;0,89187
6071;1;1;1;2;;5;1;0;1;0;1;4;1;4;1;0;2;1;2;2;98;1;4;1;1;3;8;1;1;3;1,03917
6083;1;1;1;1;;1;1;7;1;7;1;4;1;4;1;4;1;1;2;1;1;4;3;2;3;2;1;21;2;1;1,06997
6100;1;1;1;4;;4;1;0;1;8;1;4;1;3;1;3;4;2;2;1;1;2;2;1;1;5;1;21;2;4;0,9969
6102;1;2;1;1;;1;1;6;1;6;1;4;1;2;1;5;97;1;2;1;1;4;3;1;4;5;6;21;2;2;0,93958
6107;1;1;1;4;;4;1;3;1;7;1;2;1;5;2;;4;98;98;1;98;3;1;2;3;5;1;21;2;4;0,94342
6112;1;1;1;1;;1;1;10;1;8;1;0;1;0;1;6;1;2;2;1;1;4;3;1;2;4;1;12;12;1;1,1071
6115;1;2;1;98;2;13;1;10;1;9;1;8;1;1;1;5;1;1;1;1;98;2;1;2;2;3;5;10;10;1;1,16482
6122;1;1;1;98;98;98;1;98;1;98;1;98;1;98;2;;98;98;1;1;98;98;3;2;3;3;7;8;8;2;0,94914
6126;1;2;1;1;;1;1;10;1;8;1;5;1;3;1;7;1;2;2;98;1;4;3;2;4;2;6;7;7;3;0,96891
6144;1;2;1;98;98;98;1;98;1;98;1;98;1;98;1;98;98;98;98;98;1;3;2;2;4;3;7;21;2;4;0,96615
6148;1;1;2;14;;1;1;0;1;0;1;0;1;0;1;10;14;2;96;1;2;5;1;2;1;3;7;8;8;3;1,11721
6149;1;1;1;4;;1;1;5;1;10;1;1;1;0;1;4;4;2;2;2;1;3;3;1;2;5;1;8;8;2;1,00781
6152;1;2;1;2;;13;1;4;1;5;1;8;1;0;1;3;2;1;2;2;1;2;3;2;3;5;1;10;10;2;0,98138
6171;1;1;1;4;;1;1;8;1;10;1;4;1;0;1;7;4;2;2;1;1;4;3;1;1;2;1;21;2;1;1,13063
6180;1;1;1;96;97;96;1;0;1;0;1;0;1;0;1;0;97;98;96;98;1;98;3;2;2;5;1;10;10;1;1,16482
6208;1;1;1;2;;5;1;0;1;3;1;7;1;4;1;0;2;1;2;2;1;2;3;1;1;5;1;1;1;4;1,00068
6210;1;1;1;2;;2;1;0;1;3;1;8;1;7;1;0;2;1;96;2;2;2;3;1;3;3;1;9;9;2;0,8851
6212;1;1;1;14;;1;1;8;1;7;1;1;1;0;1;9;1;2;96;1;1;5;2;1;1;3;8;1;1;4;1,00068
6242;1;1;1;2;;2;1;1;1;1;1;7;1;5;1;0;2;1;2;2;1;2;3;2;4;3;6;21;2;2;0,97399
6254;1;2;1;10;;10;1;0;1;0;1;3;1;5;1;0;5;1;1;2;2;1;5;2;2;5;1;16;16;1;1,13422
6273;1;1;1;2;;4;1;4;1;5;1;6;1;7;1;2;2;2;2;2;1;1;3;2;1;3;8;1;1;3;1,12375
6298;1;1;1;2;;11;1;0;1;0;1;10;1;5;1;0;2;1;2;2;2;1;5;1;2;4;1;12;12;1;1,1071
6302;1;2;1;11;;11;1;3;1;3;1;4;1;8;1;0;5;1;1;2;2;1;4;1;2;2;1;12;12;1;1,1071
6321;1;2;1;98;4;1;1;8;1;8;1;5;1;0;1;6;4;2;2;1;1;3;3;2;4;2;6;5;5;2;0,99374
6328;1;1;1;1;;4;1;7;1;7;1;0;1;0;1;7;1;2;2;1;1;4;1;2;4;5;6;21;2;4;0,96615
6378;1;1;1;4;;4;1;5;1;10;1;1;1;3;1;4;4;2;2;1;1;4;3;2;2;5;1;1;1;4;0,99914
6428;1;2;1;2;;2;1;5;1;3;1;9;1;3;1;5;2;1;1;2;2;99;3;2;2;4;1;9;9;4;0,95389
6445;1;1;1;2;;2;1;0;1;2;1;10;1;8;1;0;2;1;2;2;1;1;3;2;4;2;6;21;17;1;1,09576
6455;1;2;1;2;;2;1;3;1;2;1;10;1;8;2;;2;1;96;2;2;2;1;2;1;5;1;13;13;3;1,11704
6470;1;2;2;1;;14;1;8;1;9;1;0;1;0;1;8;1;99;2;1;2;5;3;2;2;4;1;1;1;4;0,99914
6479;1;4;4;97;97;97;1;2;1;4;1;4;1;3;1;2;4;2;1;1;98;3;4;1;2;3;1;12;12;2;0,98408
6482;1;1;1;2;;2;1;7;1;7;1;7;1;8;1;5;5;2;2;1;1;1;3;2;1;3;1;21;15;1;1,22262
6485;1;1;1;2;;2;1;0;1;1;1;7;1;9;1;0;5;1;1;2;2;1;4;2;3;2;5;12;12;2;0,92677
6493;1;1;1;2;;2;1;7;1;6;1;8;1;6;1;5;2;1;96;1;1;1;3;1;2;2;6;10;10;3;1,07341
6497;1;1;1;2;;2;1;0;1;3;1;6;1;3;1;0;2;1;2;2;1;2;98;1;1;5;5;8;8;1;1,12835
6533;1;2;1;4;;4;1;6;1;9;1;6;1;1;1;1;4;2;1;1;2;3;3;2;1;5;8;21;18;2;1,08674
6601;1;4;4;97;7;97;1;0;1;0;1;0;1;0;1;0;97;1;2;2;98;1;5;1;3;3;1;9;9;3;0,91175
6602;1;1;1;1;;1;1;8;1;4;1;1;1;0;1;6;1;2;2;1;1;4;3;2;2;5;1;21;19;2;1,0034
6603;1;2;1;5;;5;1;0;1;0;1;5;1;3;1;0;2;1;2;2;2;2;3;1;2;5;1;16;16;2;1,01466
6604;1;1;1;14;;4;1;7;1;5;1;2;1;0;1;7;1;98;2;1;1;5;3;1;3;5;1;9;9;3;0,91175
6608;1;3;1;9;;9;1;0;1;0;1;3;1;2;1;0;97;1;2;2;2;3;4;1;2;5;1;16;16;2;1,01466
6613;1;2;1;98;4;4;1;5;1;8;1;6;1;5;1;4;4;2;2;1;1;4;3;2;3;5;1;16;16;2;0,9556
6616;1;1;1;95;;95;1;7;1;5;1;2;1;0;1;6;1;2;1;1;1;3;3;2;2;5;1;21;18;2;1,0034
6618;1;1;1;8;;8;1;0;1;0;1;5;1;9;1;0;95;1;1;2;2;1;99;1;3;3;1;9;9;3;0,91175
6619;1;2;1;98;98;1;1;3;1;3;1;3;1;3;1;3;97;1;2;2;2;1;3;2;1;5;7;10;10;2;1,12136
6620;1;1;1;2;;2;1;0;1;3;1;8;1;4;1;0;2;1;2;2;1;2;3;1;3;5;1;9;9;4;0,87798
6641;1;98;1;99;2;97;1;4;1;5;1;8;1;7;1;4;2;1;2;1;1;3;1;1;2;5;1;5;5;2;1,03035
6643;1;1;1;6;;6;1;0;1;0;1;5;1;4;1;0;5;1;1;2;2;4;5;2;1;3;8;9;9;4;1,03312
6647;1;1;1;5;;5;1;0;1;5;1;7;1;8;1;0;5;1;2;2;1;1;1;1;2;4;5;1;1;3;1,04423
6650;1;1;2;98;4;4;1;5;1;7;1;4;1;7;1;6;4;2;2;1;1;3;1;1;1;5;1;8;8;1;1,12835
6652;1;3;1;98;4;97;1;5;1;9;1;2;1;3;2;;4;2;2;1;2;3;3;2;2;5;1;1;1;3;1,03754
6653;1;1;1;14;;4;1;5;1;6;1;0;1;1;1;8;1;2;2;1;1;5;1;1;2;4;1;10;10;1;1,17232
6661;1;2;1;14;;2;1;6;1;6;1;4;1;0;1;8;14;2;2;1;2;5;3;1;1;3;1;10;10;1;1,16664
6670;1;2;1;4;;1;1;5;1;7;1;4;1;2;1;5;4;2;2;1;1;4;3;2;1;5;1;10;10;2;1,12136
6680;1;2;1;98;97;1;1;6;1;4;1;4;1;2;1;98;98;1;96;1;1;3;1;2;4;5;6;7;7;3;0,96891
6701;1;1;1;2;;2;1;0;1;5;1;0;1;0;2;;4;2;2;2;2;1;3;2;2;2;5;21;6;3;1,03361
6737;1;2;2;98;97;97;1;5;1;5;1;5;1;6;2;;97;1;96;98;1;98;3;1;1;5;1;10;10;2;1,037
6768;1;1;1;5;;97;1;0;1;0;1;9;1;10;1;0;2;1;2;2;2;1;1;2;1;3;1;13;13;2;1,08437
6778;1;2;2;2;;2;1;3;1;5;1;6;1;7;2;;4;1;2;2;1;3;3;1;1;2;1;10;10;1;1,16664
6780;1;1;1;94;97;94;1;0;1;0;1;0;1;5;1;0;97;1;1;2;2;1;5;2;1;5;1;9;9;1;1,17174
6822;1;2;1;4;;4;1;4;1;7;1;4;1;3;1;2;4;1;2;2;1;3;3;1;3;5;1;7;7;3;0,91873
6834;1;2;1;4;;4;1;8;1;10;1;4;1;0;1;9;4;2;96;1;1;3;1;1;3;5;6;7;7;3;0,91873
6858;1;2;1;4;;1;1;3;1;5;1;3;1;2;1;1;4;98;2;1;1;4;3;1;1;3;8;1;1;4;1,00068
6876;1;1;1;2;;2;1;1;1;2;1;8;1;5;1;0;2;1;2;2;1;1;3;1;2;4;1;10;10;2;1,04202
6907;1;2;1;99;99;99;1;6;1;5;1;5;1;5;1;5;97;2;96;2;1;99;3;1;1;5;1;16;16;1;1,13601
6918;1;2;1;1;;1;1;9;1;7;1;5;1;3;1;7;1;2;2;1;1;5;2;2;4;5;6;1;1;3;1,00713
6924;1;1;1;99;4;97;1;5;1;7;1;3;1;0;1;3;4;2;2;1;1;2;3;1;4;2;6;1;1;3;0,97157
6935;1;1;1;98;1;4;1;5;1;6;1;1;1;1;1;1;4;2;2;1;1;2;2;1;4;5;1;16;16;2;0,94404
6948;1;1;1;99;99;9;1;3;1;4;1;4;1;4;1;2;2;1;96;2;1;2;3;1;3;5;1;16;16;2;0,92794
6951;1;1;1;96;4;96;1;6;1;8;1;3;1;3;1;2;4;2;2;1;98;3;3;2;1;5;1;21;2;1;1,22262
6956;1;2;1;4;;4;1;7;1;9;1;4;1;2;1;5;4;2;2;1;1;4;3;1;4;5;6;1;1;4;0,93557
6962;1;2;1;2;;2;1;3;1;4;1;5;1;2;1;1;2;1;2;2;1;2;3;1;3;5;1;7;7;3;0,91873
6974;1;1;1;2;;2;1;4;1;5;1;7;1;4;2;;2;1;2;1;1;3;3;1;3;2;1;21;11;1;1,03903
